MapDate,StateAbbreviation,None,D0,D1,D2,D3,D4,ValidStart,ValidEnd,StatisticFormatID
20201027,WA,40.08,59.92,32.15,12.75,4.58,0.00,2020-10-27,2020-11-02,1
20201020,WA,38.42,61.58,32.48,12.79,4.58,0.00,2020-10-20,2020-10-26,1
20201013,WA,37.28,62.72,43.56,17.10,6.12,0.00,2020-10-13,2020-10-19,1
20201006,WA,37.28,62.72,43.56,17.10,6.12,0.00,2020-10-06,2020-10-12,1
20200929,WA,37.23,62.77,43.53,17.03,6.12,0.00,2020-09-29,2020-10-05,1
20200922,WA,2.98,97.02,42.51,17.03,6.12,0.00,2020-09-22,2020-09-28,1
20200915,WA,2.98,97.02,33.10,14.54,0.00,0.00,2020-09-15,2020-09-21,1
20200908,WA,38.85,61.15,25.86,14.42,0.00,0.00,2020-09-08,2020-09-14,1
20200901,WA,47.05,52.95,25.51,14.42,0.00,0.00,2020-09-01,2020-09-07,1
20200825,WA,61.35,38.65,25.51,14.23,0.00,0.00,2020-08-25,2020-08-31,1
20200818,WA,61.35,38.65,25.50,14.23,0.00,0.00,2020-08-18,2020-08-24,1
20200811,WA,61.42,38.58,25.50,14.23,0.00,0.00,2020-08-11,2020-08-17,1
20200804,WA,61.42,38.58,25.52,14.23,0.00,0.00,2020-08-04,2020-08-10,1
20200728,WA,61.42,38.58,25.52,14.23,0.00,0.00,2020-07-28,2020-08-03,1
20200721,WA,61.42,38.58,25.52,14.23,0.00,0.00,2020-07-21,2020-07-27,1
20200714,WA,61.42,38.58,25.52,14.23,0.00,0.00,2020-07-14,2020-07-20,1
20200707,WA,61.42,38.58,25.52,14.23,0.00,0.00,2020-07-07,2020-07-13,1
20200630,WA,61.42,38.58,25.52,14.90,0.00,0.00,2020-06-30,2020-07-06,1
20200623,WA,58.72,41.28,26.68,14.90,0.00,0.00,2020-06-23,2020-06-29,1
20200616,WA,58.72,41.28,26.68,14.90,0.00,0.00,2020-06-16,2020-06-22,1
20200609,WA,58.72,41.28,26.68,15.76,0.00,0.00,2020-06-09,2020-06-15,1
20200602,WA,50.01,49.99,29.26,16.86,0.00,0.00,2020-06-02,2020-06-08,1
20200526,WA,39.80,60.20,31.64,16.86,0.00,0.00,2020-05-26,2020-06-01,1
20200519,WA,33.37,66.63,32.54,17.73,0.00,0.00,2020-05-19,2020-05-25,1
20200512,WA,24.67,75.33,32.54,17.73,0.00,0.00,2020-05-12,2020-05-18,1
20200505,WA,26.31,73.69,32.53,17.55,0.00,0.00,2020-05-05,2020-05-11,1
20200428,WA,26.31,73.69,30.13,13.39,0.00,0.00,2020-04-28,2020-05-04,1
20200421,WA,20.46,79.54,30.12,12.32,0.00,0.00,2020-04-21,2020-04-27,1
20200414,WA,29.69,70.31,28.04,12.32,0.00,0.00,2020-04-14,2020-04-20,1
20200407,WA,60.11,39.89,22.68,5.16,0.00,0.00,2020-04-07,2020-04-13,1
20200331,WA,60.11,39.89,22.68,5.16,0.00,0.00,2020-03-31,2020-04-06,1
20200324,WA,60.11,39.89,22.68,0.00,0.00,0.00,2020-03-24,2020-03-30,1
20200317,WA,60.12,39.88,22.68,0.00,0.00,0.00,2020-03-17,2020-03-23,1
20200310,WA,60.12,39.88,22.68,0.00,0.00,0.00,2020-03-10,2020-03-16,1
20200303,WA,60.12,39.88,19.49,0.00,0.00,0.00,2020-03-03,2020-03-09,1
20200225,WA,60.12,39.88,19.49,0.00,0.00,0.00,2020-02-25,2020-03-02,1
20200218,WA,60.05,39.95,19.49,0.00,0.00,0.00,2020-02-18,2020-02-24,1
20200211,WA,58.50,41.50,19.48,0.00,0.00,0.00,2020-02-11,2020-02-17,1
20200204,WA,53.85,46.15,24.81,0.00,0.00,0.00,2020-02-04,2020-02-10,1
20200128,WA,48.50,51.50,27.86,0.00,0.00,0.00,2020-01-28,2020-02-03,1
20200121,WA,36.07,63.93,33.24,0.00,0.00,0.00,2020-01-21,2020-01-27,1
20200114,WA,37.59,62.41,16.49,0.00,0.00,0.00,2020-01-14,2020-01-20,1
20200107,WA,17.91,82.09,19.52,0.00,0.00,0.00,2020-01-07,2020-01-13,1
20191231,WA,16.60,83.40,31.91,0.00,0.00,0.00,2019-12-31,2020-01-06,1
20191224,WA,16.60,83.40,31.91,0.00,0.00,0.00,2019-12-24,2019-12-30,1
20191217,WA,12.81,87.19,31.91,0.00,0.00,0.00,2019-12-17,2019-12-23,1
20191210,WA,21.90,78.10,0.00,0.00,0.00,0.00,2019-12-10,2019-12-16,1
20191203,WA,32.11,67.89,0.00,0.00,0.00,0.00,2019-12-03,2019-12-09,1
20191126,WA,69.83,30.17,0.00,0.00,0.00,0.00,2019-11-26,2019-12-02,1
20191119,WA,100.00,0.00,0.00,0.00,0.00,0.00,2019-11-19,2019-11-25,1
20191112,WA,100.00,0.00,0.00,0.00,0.00,0.00,2019-11-12,2019-11-18,1
20191105,WA,99.72,0.28,0.00,0.00,0.00,0.00,2019-11-05,2019-11-11,1
20191029,WA,99.72,0.28,0.00,0.00,0.00,0.00,2019-10-29,2019-11-04,1
20191022,WA,97.85,2.15,0.00,0.00,0.00,0.00,2019-10-22,2019-10-28,1
20191015,WA,82.65,17.35,0.00,0.00,0.00,0.00,2019-10-15,2019-10-21,1
20191008,WA,82.65,17.35,0.00,0.00,0.00,0.00,2019-10-08,2019-10-14,1
20191001,WA,81.78,18.22,1.41,0.00,0.00,0.00,2019-10-01,2019-10-07,1
20190924,WA,47.59,52.41,7.59,0.00,0.00,0.00,2019-09-24,2019-09-30,1
20190917,WA,36.37,63.63,31.64,0.00,0.00,0.00,2019-09-17,2019-09-23,1
20190910,WA,19.74,80.26,50.30,5.03,0.00,0.00,2019-09-10,2019-09-16,1
20190903,WA,19.74,80.26,57.51,13.58,0.00,0.00,2019-09-03,2019-09-09,1
20190827,WA,19.74,80.26,57.51,13.58,0.00,0.00,2019-08-27,2019-09-02,1
20190820,WA,19.74,80.26,57.51,13.58,0.00,0.00,2019-08-20,2019-08-26,1
20190813,WA,19.74,80.26,57.51,13.58,0.00,0.00,2019-08-13,2019-08-19,1
20190806,WA,6.88,93.12,60.87,13.58,0.00,0.00,2019-08-06,2019-08-12,1
20190730,WA,13.73,86.27,60.87,13.58,0.00,0.00,2019-07-30,2019-08-05,1
20190723,WA,13.73,86.27,60.87,13.58,0.00,0.00,2019-07-23,2019-07-29,1
20190716,WA,13.83,86.17,60.87,18.07,0.00,0.00,2019-07-16,2019-07-22,1
20190709,WA,13.83,86.17,55.11,18.07,0.00,0.00,2019-07-09,2019-07-15,1
20190702,WA,21.79,78.21,54.84,17.68,0.00,0.00,2019-07-02,2019-07-08,1
20190625,WA,27.85,72.15,54.84,17.68,0.00,0.00,2019-06-25,2019-07-01,1
20190618,WA,27.85,72.15,54.84,15.93,0.00,0.00,2019-06-18,2019-06-24,1
20190611,WA,29.18,70.82,44.24,11.07,0.00,0.00,2019-06-11,2019-06-17,1
20190604,WA,29.18,70.82,44.20,11.07,0.00,0.00,2019-06-04,2019-06-10,1
20190528,WA,29.18,70.82,43.49,0.00,0.00,0.00,2019-05-28,2019-06-03,1
20190521,WA,29.18,70.82,42.59,0.00,0.00,0.00,2019-05-21,2019-05-27,1
20190514,WA,29.18,70.82,34.30,0.00,0.00,0.00,2019-05-14,2019-05-20,1
20190507,WA,29.18,70.82,20.36,0.00,0.00,0.00,2019-05-07,2019-05-13,1
20190430,WA,31.47,68.53,10.41,0.00,0.00,0.00,2019-04-30,2019-05-06,1
20190423,WA,31.47,68.53,10.41,0.00,0.00,0.00,2019-04-23,2019-04-29,1
20190416,WA,29.18,70.82,11.34,0.00,0.00,0.00,2019-04-16,2019-04-22,1
20190409,WA,26.28,73.72,13.16,0.00,0.00,0.00,2019-04-09,2019-04-15,1
20190402,WA,26.06,73.94,13.16,0.00,0.00,0.00,2019-04-02,2019-04-08,1
20190326,WA,26.06,73.94,8.00,0.00,0.00,0.00,2019-03-26,2019-04-01,1
20190319,WA,26.92,73.08,3.85,0.00,0.00,0.00,2019-03-19,2019-03-25,1
20190312,WA,64.50,35.50,3.85,0.00,0.00,0.00,2019-03-12,2019-03-18,1
20190305,WA,51.23,48.77,4.15,0.00,0.00,0.00,2019-03-05,2019-03-11,1
20190226,WA,51.23,48.77,4.15,0.00,0.00,0.00,2019-02-26,2019-03-04,1
20190219,WA,46.79,53.21,9.97,0.04,0.00,0.00,2019-02-19,2019-02-25,1
20190212,WA,41.22,58.78,10.68,0.04,0.00,0.00,2019-02-12,2019-02-18,1
20190205,WA,41.22,58.78,10.69,0.04,0.00,0.00,2019-02-05,2019-02-11,1
20190129,WA,41.20,58.80,10.73,0.04,0.00,0.00,2019-01-29,2019-02-04,1
20190122,WA,41.20,58.80,10.71,0.04,0.00,0.00,2019-01-22,2019-01-28,1
20190115,WA,34.21,65.79,23.18,0.04,0.00,0.00,2019-01-15,2019-01-21,1
20190108,WA,34.21,65.79,23.18,0.04,0.00,0.00,2019-01-08,2019-01-14,1
20190101,WA,27.71,72.29,23.18,0.04,0.00,0.00,2019-01-01,2019-01-07,1
20181225,WA,23.62,76.38,30.47,0.17,0.00,0.00,2018-12-25,2018-12-31,1
20181218,WA,20.38,79.62,32.58,0.38,0.00,0.00,2018-12-18,2018-12-24,1
20181211,WA,20.38,79.62,32.58,0.38,0.00,0.00,2018-12-11,2018-12-17,1
20181204,WA,20.38,79.62,32.58,0.38,0.00,0.00,2018-12-04,2018-12-10,1
20181127,WA,20.31,79.69,32.59,0.38,0.00,0.00,2018-11-27,2018-12-03,1
20181120,WA,20.31,79.69,32.59,0.38,0.00,0.00,2018-11-20,2018-11-26,1
20181113,WA,20.31,79.69,20.41,0.38,0.00,0.00,2018-11-13,2018-11-19,1
20181106,WA,20.31,79.69,20.41,0.38,0.00,0.00,2018-11-06,2018-11-12,1
20181030,WA,8.00,92.00,33.51,4.44,0.00,0.00,2018-10-30,2018-11-05,1
20181023,WA,8.00,92.00,39.23,7.20,0.00,0.00,2018-10-23,2018-10-29,1
20181016,WA,8.00,92.00,39.23,7.20,0.00,0.00,2018-10-16,2018-10-22,1
20181009,WA,8.00,92.00,39.23,7.20,0.00,0.00,2018-10-09,2018-10-15,1
20181002,WA,0.00,100.00,46.20,9.33,0.00,0.00,2018-10-02,2018-10-08,1
20180925,WA,0.00,100.00,48.33,9.80,0.00,0.00,2018-09-25,2018-10-01,1
20180918,WA,0.00,100.00,60.16,17.31,0.00,0.00,2018-09-18,2018-09-24,1
20180911,WA,0.00,100.00,60.16,17.26,0.00,0.00,2018-09-11,2018-09-17,1
20180904,WA,0.00,100.00,54.28,17.26,0.00,0.00,2018-09-04,2018-09-10,1
20180828,WA,0.00,100.00,46.44,6.45,0.00,0.00,2018-08-28,2018-09-03,1
20180821,WA,0.00,100.00,46.44,6.45,0.00,0.00,2018-08-21,2018-08-27,1
20180814,WA,0.00,100.00,46.44,6.45,0.00,0.00,2018-08-14,2018-08-20,1
20180807,WA,0.00,100.00,46.44,6.45,0.00,0.00,2018-08-07,2018-08-13,1
20180731,WA,0.00,100.00,29.90,5.82,0.00,0.00,2018-07-31,2018-08-06,1
20180724,WA,2.81,97.19,28.60,5.82,0.00,0.00,2018-07-24,2018-07-30,1
20180717,WA,8.13,91.87,25.96,0.00,0.00,0.00,2018-07-17,2018-07-23,1
20180710,WA,33.14,66.86,17.29,0.00,0.00,0.00,2018-07-10,2018-07-16,1
20180703,WA,42.64,57.36,11.98,0.00,0.00,0.00,2018-07-03,2018-07-09,1
20180626,WA,42.81,57.19,11.98,0.00,0.00,0.00,2018-06-26,2018-07-02,1
20180619,WA,49.10,50.90,0.00,0.00,0.00,0.00,2018-06-19,2018-06-25,1
20180612,WA,50.36,49.64,0.00,0.00,0.00,0.00,2018-06-12,2018-06-18,1
20180605,WA,72.86,27.14,0.00,0.00,0.00,0.00,2018-06-05,2018-06-11,1
20180529,WA,99.84,0.16,0.00,0.00,0.00,0.00,2018-05-29,2018-06-04,1
20180522,WA,99.84,0.16,0.00,0.00,0.00,0.00,2018-05-22,2018-05-28,1
20180515,WA,99.83,0.17,0.00,0.00,0.00,0.00,2018-05-15,2018-05-21,1
20180508,WA,99.83,0.17,0.00,0.00,0.00,0.00,2018-05-08,2018-05-14,1
20180501,WA,99.89,0.11,0.00,0.00,0.00,0.00,2018-05-01,2018-05-07,1
20180424,WA,99.89,0.11,0.00,0.00,0.00,0.00,2018-04-24,2018-04-30,1
20180417,WA,99.89,0.11,0.00,0.00,0.00,0.00,2018-04-17,2018-04-23,1
20180410,WA,99.85,0.15,0.00,0.00,0.00,0.00,2018-04-10,2018-04-16,1
20180403,WA,99.85,0.15,0.00,0.00,0.00,0.00,2018-04-03,2018-04-09,1
20180327,WA,99.85,0.15,0.00,0.00,0.00,0.00,2018-03-27,2018-04-02,1
20180320,WA,88.28,11.72,0.00,0.00,0.00,0.00,2018-03-20,2018-03-26,1
20180313,WA,88.28,11.72,0.00,0.00,0.00,0.00,2018-03-13,2018-03-19,1
20180306,WA,88.28,11.72,0.00,0.00,0.00,0.00,2018-03-06,2018-03-12,1
20180227,WA,91.67,8.33,0.00,0.00,0.00,0.00,2018-02-27,2018-03-05,1
20180220,WA,91.67,8.33,0.00,0.00,0.00,0.00,2018-02-20,2018-02-26,1
20180213,WA,91.67,8.33,0.00,0.00,0.00,0.00,2018-02-13,2018-02-19,1
20180206,WA,93.56,6.44,0.00,0.00,0.00,0.00,2018-02-06,2018-02-12,1
20180130,WA,90.52,9.48,0.00,0.00,0.00,0.00,2018-01-30,2018-02-05,1
20180123,WA,90.52,9.48,0.00,0.00,0.00,0.00,2018-01-23,2018-01-29,1
20180116,WA,90.52,9.48,0.00,0.00,0.00,0.00,2018-01-16,2018-01-22,1
20180109,WA,100.00,0.00,0.00,0.00,0.00,0.00,2018-01-09,2018-01-15,1
20180102,WA,100.00,0.00,0.00,0.00,0.00,0.00,2018-01-02,2018-01-08,1
20171226,WA,100.00,0.00,0.00,0.00,0.00,0.00,2017-12-26,2018-01-01,1
20171219,WA,100.00,0.00,0.00,0.00,0.00,0.00,2017-12-19,2017-12-25,1
20171212,WA,100.00,0.00,0.00,0.00,0.00,0.00,2017-12-12,2017-12-18,1
20171205,WA,100.00,0.00,0.00,0.00,0.00,0.00,2017-12-05,2017-12-11,1
20171128,WA,100.00,0.00,0.00,0.00,0.00,0.00,2017-11-28,2017-12-04,1
20171121,WA,100.00,0.00,0.00,0.00,0.00,0.00,2017-11-21,2017-11-27,1
20171114,WA,78.99,21.01,0.00,0.00,0.00,0.00,2017-11-14,2017-11-20,1
20171107,WA,57.82,42.18,7.22,0.00,0.00,0.00,2017-11-07,2017-11-13,1
20171031,WA,16.90,83.10,14.80,0.00,0.00,0.00,2017-10-31,2017-11-06,1
20171024,WA,16.90,83.10,14.80,0.00,0.00,0.00,2017-10-24,2017-10-30,1
20171017,WA,5.01,94.99,56.46,0.00,0.00,0.00,2017-10-17,2017-10-23,1
20171010,WA,4.97,95.03,63.66,0.00,0.00,0.00,2017-10-10,2017-10-16,1
20171003,WA,4.97,95.03,63.66,0.00,0.00,0.00,2017-10-03,2017-10-09,1
20170926,WA,4.97,95.03,63.66,0.00,0.00,0.00,2017-09-26,2017-10-02,1
20170919,WA,0.00,100.00,63.87,0.00,0.00,0.00,2017-09-19,2017-09-25,1
20170912,WA,0.00,100.00,77.98,0.00,0.00,0.00,2017-09-12,2017-09-18,1
20170905,WA,0.00,100.00,55.56,0.00,0.00,0.00,2017-09-05,2017-09-11,1
20170829,WA,0.00,100.00,1.86,0.00,0.00,0.00,2017-08-29,2017-09-04,1
20170822,WA,14.75,85.25,1.86,0.00,0.00,0.00,2017-08-22,2017-08-28,1
20170815,WA,14.75,85.25,0.00,0.00,0.00,0.00,2017-08-15,2017-08-21,1
20170808,WA,14.75,85.25,0.00,0.00,0.00,0.00,2017-08-08,2017-08-14,1
20170801,WA,51.88,48.12,0.00,0.00,0.00,0.00,2017-08-01,2017-08-07,1
20170725,WA,81.88,18.12,0.00,0.00,0.00,0.00,2017-07-25,2017-07-31,1
20170718,WA,90.41,9.59,0.00,0.00,0.00,0.00,2017-07-18,2017-07-24,1
20170711,WA,100.00,0.00,0.00,0.00,0.00,0.00,2017-07-11,2017-07-17,1
20170704,WA,100.00,0.00,0.00,0.00,0.00,0.00,2017-07-04,2017-07-10,1
20170627,WA,100.00,0.00,0.00,0.00,0.00,0.00,2017-06-27,2017-07-03,1
20170620,WA,100.00,0.00,0.00,0.00,0.00,0.00,2017-06-20,2017-06-26,1
20170613,WA,100.00,0.00,0.00,0.00,0.00,0.00,2017-06-13,2017-06-19,1
20170606,WA,100.00,0.00,0.00,0.00,0.00,0.00,2017-06-06,2017-06-12,1
20170530,WA,100.00,0.00,0.00,0.00,0.00,0.00,2017-05-30,2017-06-05,1
20170523,WA,100.00,0.00,0.00,0.00,0.00,0.00,2017-05-23,2017-05-29,1
20170516,WA,100.00,0.00,0.00,0.00,0.00,0.00,2017-05-16,2017-05-22,1
20170509,WA,100.00,0.00,0.00,0.00,0.00,0.00,2017-05-09,2017-05-15,1
20170502,WA,100.00,0.00,0.00,0.00,0.00,0.00,2017-05-02,2017-05-08,1
20170425,WA,100.00,0.00,0.00,0.00,0.00,0.00,2017-04-25,2017-05-01,1
20170418,WA,100.00,0.00,0.00,0.00,0.00,0.00,2017-04-18,2017-04-24,1
20170411,WA,100.00,0.00,0.00,0.00,0.00,0.00,2017-04-11,2017-04-17,1
20170404,WA,100.00,0.00,0.00,0.00,0.00,0.00,2017-04-04,2017-04-10,1
20170328,WA,100.00,0.00,0.00,0.00,0.00,0.00,2017-03-28,2017-04-03,1
20170321,WA,100.00,0.00,0.00,0.00,0.00,0.00,2017-03-21,2017-03-27,1
20170314,WA,100.00,0.00,0.00,0.00,0.00,0.00,2017-03-14,2017-03-20,1
20170307,WA,100.00,0.00,0.00,0.00,0.00,0.00,2017-03-07,2017-03-13,1
20170228,WA,100.00,0.00,0.00,0.00,0.00,0.00,2017-02-28,2017-03-06,1
20170221,WA,100.00,0.00,0.00,0.00,0.00,0.00,2017-02-21,2017-02-27,1
20170214,WA,100.00,0.00,0.00,0.00,0.00,0.00,2017-02-14,2017-02-20,1
20170207,WA,100.00,0.00,0.00,0.00,0.00,0.00,2017-02-07,2017-02-13,1
20170131,WA,100.00,0.00,0.00,0.00,0.00,0.00,2017-01-31,2017-02-06,1
20170124,WA,100.00,0.00,0.00,0.00,0.00,0.00,2017-01-24,2017-01-30,1
20170117,WA,100.00,0.00,0.00,0.00,0.00,0.00,2017-01-17,2017-01-23,1
20170110,WA,100.00,0.00,0.00,0.00,0.00,0.00,2017-01-10,2017-01-16,1
20170103,WA,100.00,0.00,0.00,0.00,0.00,0.00,2017-01-03,2017-01-09,1
20161227,WA,100.00,0.00,0.00,0.00,0.00,0.00,2016-12-27,2017-01-02,1
20161220,WA,100.00,0.00,0.00,0.00,0.00,0.00,2016-12-20,2016-12-26,1
20161213,WA,100.00,0.00,0.00,0.00,0.00,0.00,2016-12-13,2016-12-19,1
20161206,WA,100.00,0.00,0.00,0.00,0.00,0.00,2016-12-06,2016-12-12,1
20161129,WA,100.00,0.00,0.00,0.00,0.00,0.00,2016-11-29,2016-12-05,1
20161122,WA,100.00,0.00,0.00,0.00,0.00,0.00,2016-11-22,2016-11-28,1
20161115,WA,100.00,0.00,0.00,0.00,0.00,0.00,2016-11-15,2016-11-21,1
20161108,WA,100.00,0.00,0.00,0.00,0.00,0.00,2016-11-08,2016-11-14,1
20161101,WA,100.00,0.00,0.00,0.00,0.00,0.00,2016-11-01,2016-11-07,1
20161025,WA,99.92,0.08,0.00,0.00,0.00,0.00,2016-10-25,2016-10-31,1
20161018,WA,92.09,7.91,0.05,0.00,0.00,0.00,2016-10-18,2016-10-24,1
20161011,WA,15.54,84.46,5.21,0.00,0.00,0.00,2016-10-11,2016-10-17,1
20161004,WA,2.36,97.64,5.21,0.00,0.00,0.00,2016-10-04,2016-10-10,1
20160927,WA,0.00,100.00,9.45,0.00,0.00,0.00,2016-09-27,2016-10-03,1
20160920,WA,0.00,100.00,9.45,0.00,0.00,0.00,2016-09-20,2016-09-26,1
20160913,WA,0.00,100.00,9.45,0.00,0.00,0.00,2016-09-13,2016-09-19,1
20160906,WA,0.00,100.00,7.88,0.00,0.00,0.00,2016-09-06,2016-09-12,1
20160830,WA,0.00,100.00,7.88,0.00,0.00,0.00,2016-08-30,2016-09-05,1
20160823,WA,0.00,100.00,7.88,0.00,0.00,0.00,2016-08-23,2016-08-29,1
20160816,WA,0.00,100.00,3.69,0.00,0.00,0.00,2016-08-16,2016-08-22,1
20160809,WA,0.00,100.00,3.69,0.00,0.00,0.00,2016-08-09,2016-08-15,1
20160802,WA,0.00,100.00,3.63,0.00,0.00,0.00,2016-08-02,2016-08-08,1
20160726,WA,0.00,100.00,3.63,0.00,0.00,0.00,2016-07-26,2016-08-01,1
20160719,WA,0.00,100.00,3.63,0.00,0.00,0.00,2016-07-19,2016-07-25,1
20160712,WA,0.00,100.00,3.63,0.00,0.00,0.00,2016-07-12,2016-07-18,1
20160705,WA,0.00,100.00,3.63,0.00,0.00,0.00,2016-07-05,2016-07-11,1
20160628,WA,0.00,100.00,3.63,0.00,0.00,0.00,2016-06-28,2016-07-04,1
20160621,WA,1.69,98.31,3.63,0.00,0.00,0.00,2016-06-21,2016-06-27,1
20160614,WA,1.69,98.31,3.63,0.00,0.00,0.00,2016-06-14,2016-06-20,1
20160607,WA,1.69,98.31,0.00,0.00,0.00,0.00,2016-06-07,2016-06-13,1
20160531,WA,44.39,55.61,0.00,0.00,0.00,0.00,2016-05-31,2016-06-06,1
20160524,WA,73.84,26.16,0.00,0.00,0.00,0.00,2016-05-24,2016-05-30,1
20160517,WA,74.27,25.73,0.00,0.00,0.00,0.00,2016-05-17,2016-05-23,1
20160510,WA,94.49,5.51,0.00,0.00,0.00,0.00,2016-05-10,2016-05-16,1
20160503,WA,94.49,5.51,0.00,0.00,0.00,0.00,2016-05-03,2016-05-09,1
20160426,WA,96.71,3.29,0.00,0.00,0.00,0.00,2016-04-26,2016-05-02,1
20160419,WA,96.71,3.29,0.00,0.00,0.00,0.00,2016-04-19,2016-04-25,1
20160412,WA,96.67,3.33,0.00,0.00,0.00,0.00,2016-04-12,2016-04-18,1
20160405,WA,96.67,3.33,0.00,0.00,0.00,0.00,2016-04-05,2016-04-11,1
20160329,WA,92.48,7.52,0.00,0.00,0.00,0.00,2016-03-29,2016-04-04,1
20160322,WA,89.76,10.24,0.41,0.00,0.00,0.00,2016-03-22,2016-03-28,1
20160315,WA,89.55,10.45,2.87,0.00,0.00,0.00,2016-03-15,2016-03-21,1
20160308,WA,77.93,22.07,2.87,0.00,0.00,0.00,2016-03-08,2016-03-14,1
20160301,WA,77.93,22.07,7.63,0.00,0.00,0.00,2016-03-01,2016-03-07,1
20160223,WA,77.93,22.07,7.63,0.00,0.00,0.00,2016-02-23,2016-02-29,1
20160216,WA,68.37,31.63,7.63,0.00,0.00,0.00,2016-02-16,2016-02-22,1
20160209,WA,68.36,31.64,7.63,0.00,0.00,0.00,2016-02-09,2016-02-15,1
20160202,WA,68.36,31.64,7.77,0.00,0.00,0.00,2016-02-02,2016-02-08,1
20160126,WA,68.38,31.62,7.77,0.00,0.00,0.00,2016-01-26,2016-02-01,1
20160119,WA,60.55,39.45,25.10,0.00,0.00,0.00,2016-01-19,2016-01-25,1
20160112,WA,60.55,39.45,25.10,0.00,0.00,0.00,2016-01-12,2016-01-18,1
20160105,WA,60.44,39.56,25.10,0.00,0.00,0.00,2016-01-05,2016-01-11,1
20151229,WA,60.44,39.56,25.67,2.72,0.00,0.00,2015-12-29,2016-01-04,1
20151222,WA,45.98,54.02,39.75,26.31,0.00,0.00,2015-12-22,2015-12-28,1
20151215,WA,39.55,60.45,48.00,34.05,0.00,0.00,2015-12-15,2015-12-21,1
20151208,WA,34.05,65.95,60.32,48.20,33.88,0.00,2015-12-08,2015-12-14,1
20151201,WA,27.62,72.38,64.49,60.38,44.51,0.00,2015-12-01,2015-12-07,1
20151124,WA,26.42,73.58,64.49,60.44,46.12,0.00,2015-11-24,2015-11-30,1
20151117,WA,0.00,100.00,71.98,60.86,48.14,0.00,2015-11-17,2015-11-23,1
20151110,WA,0.00,100.00,100.00,66.21,48.14,0.00,2015-11-10,2015-11-16,1
20151103,WA,0.00,100.00,100.00,71.55,48.14,0.00,2015-11-03,2015-11-09,1
20151027,WA,0.00,100.00,100.00,90.91,67.96,0.00,2015-10-27,2015-11-02,1
20151020,WA,0.00,100.00,100.00,90.91,67.96,0.00,2015-10-20,2015-10-26,1
20151013,WA,0.00,100.00,100.00,90.91,67.96,0.00,2015-10-13,2015-10-19,1
20151006,WA,0.00,100.00,100.00,100.00,67.96,0.00,2015-10-06,2015-10-12,1
20150929,WA,0.00,100.00,100.00,100.00,67.96,0.00,2015-09-29,2015-10-05,1
20150922,WA,0.00,100.00,100.00,100.00,67.96,0.00,2015-09-22,2015-09-28,1
20150915,WA,0.00,100.00,100.00,99.99,67.96,0.00,2015-09-15,2015-09-21,1
20150908,WA,0.00,100.00,100.00,99.99,67.96,0.00,2015-09-08,2015-09-14,1
20150901,WA,0.00,100.00,100.00,99.99,67.96,0.00,2015-09-01,2015-09-07,1
20150825,WA,0.00,100.00,100.00,99.99,84.64,0.00,2015-08-25,2015-08-31,1
20150818,WA,0.00,100.00,100.00,99.99,50.80,0.00,2015-08-18,2015-08-24,1
20150811,WA,0.00,100.00,100.00,99.99,42.51,0.00,2015-08-11,2015-08-17,1
20150804,WA,0.00,100.00,100.00,99.99,31.74,0.00,2015-08-04,2015-08-10,1
20150728,WA,0.00,100.00,100.00,99.99,31.74,0.00,2015-07-28,2015-08-03,1
20150721,WA,0.00,100.00,100.00,98.61,0.00,0.00,2015-07-21,2015-07-27,1
20150714,WA,0.00,100.00,100.00,98.61,0.00,0.00,2015-07-14,2015-07-20,1
20150707,WA,0.00,100.00,100.00,86.14,0.00,0.00,2015-07-07,2015-07-13,1
20150630,WA,0.00,100.00,92.52,45.79,0.00,0.00,2015-06-30,2015-07-06,1
20150623,WA,0.00,100.00,90.03,32.35,0.00,0.00,2015-06-23,2015-06-29,1
20150616,WA,9.77,90.23,63.42,25.78,0.00,0.00,2015-06-16,2015-06-22,1
20150609,WA,9.77,90.23,59.73,23.76,0.00,0.00,2015-06-09,2015-06-15,1
20150602,WA,9.77,90.23,51.81,23.76,0.00,0.00,2015-06-02,2015-06-08,1
20150526,WA,9.77,90.23,51.81,23.76,0.00,0.00,2015-05-26,2015-06-01,1
20150519,WA,9.77,90.23,51.81,23.74,0.00,0.00,2015-05-19,2015-05-25,1
20150512,WA,32.49,67.51,51.82,15.49,0.00,0.00,2015-05-12,2015-05-18,1
20150505,WA,32.49,67.51,51.82,15.49,0.00,0.00,2015-05-05,2015-05-11,1
20150428,WA,32.95,67.05,48.96,15.20,0.00,0.00,2015-04-28,2015-05-04,1
20150421,WA,34.63,65.37,45.86,0.00,0.00,0.00,2015-04-21,2015-04-27,1
20150414,WA,34.63,65.37,28.13,0.00,0.00,0.00,2015-04-14,2015-04-20,1
20150407,WA,34.56,65.44,28.13,0.00,0.00,0.00,2015-04-07,2015-04-13,1
20150331,WA,34.56,65.44,28.13,0.00,0.00,0.00,2015-03-31,2015-04-06,1
20150324,WA,38.89,61.11,28.13,0.00,0.00,0.00,2015-03-24,2015-03-30,1
20150317,WA,38.73,61.27,28.13,0.00,0.00,0.00,2015-03-17,2015-03-23,1
20150310,WA,36.96,63.04,28.79,0.00,0.00,0.00,2015-03-10,2015-03-16,1
20150303,WA,38.13,61.87,28.78,0.00,0.00,0.00,2015-03-03,2015-03-09,1
20150224,WA,38.13,61.87,28.78,0.00,0.00,0.00,2015-02-24,2015-03-02,1
20150217,WA,38.13,61.87,16.66,0.00,0.00,0.00,2015-02-17,2015-02-23,1
20150210,WA,27.40,72.60,18.37,0.00,0.00,0.00,2015-02-10,2015-02-16,1
20150203,WA,26.94,73.06,22.43,5.96,0.00,0.00,2015-02-03,2015-02-09,1
20150127,WA,26.94,73.06,22.43,5.96,0.00,0.00,2015-01-27,2015-02-02,1
20150120,WA,47.26,52.74,25.38,10.54,0.00,0.00,2015-01-20,2015-01-26,1
20150113,WA,47.26,52.74,25.23,10.54,0.00,0.00,2015-01-13,2015-01-19,1
20150106,WA,51.95,48.05,34.26,12.90,0.00,0.00,2015-01-06,2015-01-12,1
20141230,WA,51.87,48.13,36.15,14.83,0.00,0.00,2014-12-30,2015-01-05,1
20141223,WA,51.87,48.13,36.15,14.83,0.00,0.00,2014-12-23,2014-12-29,1
20141216,WA,50.68,49.32,36.89,14.83,0.00,0.00,2014-12-16,2014-12-22,1
20141209,WA,50.18,49.82,36.89,16.36,0.00,0.00,2014-12-09,2014-12-15,1
20141202,WA,50.18,49.82,36.89,16.36,0.00,0.00,2014-12-02,2014-12-08,1
20141125,WA,47.88,52.12,38.09,16.35,0.00,0.00,2014-11-25,2014-12-01,1
20141118,WA,47.82,52.18,38.09,16.35,0.00,0.00,2014-11-18,2014-11-24,1
20141111,WA,47.82,52.18,32.70,16.35,0.00,0.00,2014-11-11,2014-11-17,1
20141104,WA,47.43,52.57,32.71,16.35,0.00,0.00,2014-11-04,2014-11-10,1
20141028,WA,44.52,55.48,39.73,18.76,0.00,0.00,2014-10-28,2014-11-03,1
20141021,WA,34.22,65.78,40.28,20.17,0.00,0.00,2014-10-21,2014-10-27,1
20141014,WA,34.22,65.78,40.28,20.17,0.00,0.00,2014-10-14,2014-10-20,1
20141007,WA,34.22,65.78,40.28,20.17,0.00,0.00,2014-10-07,2014-10-13,1
20140930,WA,34.22,65.78,40.27,20.17,0.00,0.00,2014-09-30,2014-10-06,1
20140923,WA,32.68,67.32,40.27,19.99,0.00,0.00,2014-09-23,2014-09-29,1
20140916,WA,32.70,67.30,40.27,19.99,0.00,0.00,2014-09-16,2014-09-22,1
20140909,WA,32.70,67.30,40.27,19.99,0.00,0.00,2014-09-09,2014-09-15,1
20140902,WA,32.70,67.30,40.32,19.99,0.00,0.00,2014-09-02,2014-09-08,1
20140826,WA,32.61,67.39,40.32,19.99,0.00,0.00,2014-08-26,2014-09-01,1
20140819,WA,39.62,60.38,40.32,19.99,0.00,0.00,2014-08-19,2014-08-25,1
20140812,WA,39.13,60.87,40.84,19.99,0.00,0.00,2014-08-12,2014-08-18,1
20140805,WA,39.21,60.79,40.84,19.99,0.00,0.00,2014-08-05,2014-08-11,1
20140729,WA,39.56,60.44,33.38,18.27,0.00,0.00,2014-07-29,2014-08-04,1
20140722,WA,34.31,65.69,33.38,18.27,0.00,0.00,2014-07-22,2014-07-28,1
20140715,WA,50.82,49.18,33.38,18.27,0.00,0.00,2014-07-15,2014-07-21,1
20140708,WA,50.82,49.18,33.38,18.27,0.00,0.00,2014-07-08,2014-07-14,1
20140701,WA,50.82,49.18,33.38,18.27,0.00,0.00,2014-07-01,2014-07-07,1
20140624,WA,50.82,49.18,33.38,18.27,0.00,0.00,2014-06-24,2014-06-30,1
20140617,WA,46.28,53.72,34.59,15.22,0.00,0.00,2014-06-17,2014-06-23,1
20140610,WA,46.28,53.72,34.59,15.22,0.00,0.00,2014-06-10,2014-06-16,1
20140603,WA,47.06,52.94,34.59,15.22,0.00,0.00,2014-06-03,2014-06-09,1
20140527,WA,44.26,55.74,34.66,15.22,0.00,0.00,2014-05-27,2014-06-02,1
20140520,WA,44.26,55.74,34.66,15.22,0.00,0.00,2014-05-20,2014-05-26,1
20140513,WA,44.26,55.74,34.66,15.22,0.00,0.00,2014-05-13,2014-05-19,1
20140506,WA,44.26,55.74,34.17,15.22,0.00,0.00,2014-05-06,2014-05-12,1
20140429,WA,44.26,55.74,34.17,15.22,0.00,0.00,2014-04-29,2014-05-05,1
20140422,WA,42.83,57.17,35.45,17.22,0.00,0.00,2014-04-22,2014-04-28,1
20140415,WA,42.83,57.17,35.45,17.22,0.00,0.00,2014-04-15,2014-04-21,1
20140408,WA,42.04,57.96,35.43,17.22,0.00,0.00,2014-04-08,2014-04-14,1
20140401,WA,42.04,57.96,35.43,17.22,0.00,0.00,2014-04-01,2014-04-07,1
20140325,WA,42.04,57.96,35.41,17.22,0.00,0.00,2014-03-25,2014-03-31,1
20140318,WA,37.52,62.48,48.77,24.33,0.00,0.00,2014-03-18,2014-03-24,1
20140311,WA,37.52,62.48,48.77,24.33,0.00,0.00,2014-03-11,2014-03-17,1
20140304,WA,4.96,95.04,51.73,24.33,0.00,0.00,2014-03-04,2014-03-10,1
20140225,WA,0.00,100.00,54.32,13.38,0.00,0.00,2014-02-25,2014-03-03,1
20140218,WA,0.00,100.00,63.68,13.41,0.00,0.00,2014-02-18,2014-02-24,1
20140211,WA,0.00,100.00,99.33,19.56,0.00,0.00,2014-02-11,2014-02-17,1
20140204,WA,0.00,100.00,93.05,0.27,0.00,0.00,2014-02-04,2014-02-10,1
20140128,WA,0.00,100.00,93.05,0.27,0.00,0.00,2014-01-28,2014-02-03,1
20140121,WA,0.00,100.00,93.05,0.27,0.00,0.00,2014-01-21,2014-01-27,1
20140114,WA,0.00,100.00,93.05,0.27,0.00,0.00,2014-01-14,2014-01-20,1
20140107,WA,0.00,100.00,54.80,0.00,0.00,0.00,2014-01-07,2014-01-13,1
20131231,WA,18.08,81.92,0.00,0.00,0.00,0.00,2013-12-31,2014-01-06,1
20131224,WA,18.08,81.92,0.00,0.00,0.00,0.00,2013-12-24,2013-12-30,1
20131217,WA,26.02,73.98,0.00,0.00,0.00,0.00,2013-12-17,2013-12-23,1
20131210,WA,50.97,49.03,0.00,0.00,0.00,0.00,2013-12-10,2013-12-16,1
20131203,WA,85.62,14.38,0.00,0.00,0.00,0.00,2013-12-03,2013-12-09,1
20131126,WA,99.02,0.98,0.00,0.00,0.00,0.00,2013-11-26,2013-12-02,1
20131119,WA,99.02,0.98,0.00,0.00,0.00,0.00,2013-11-19,2013-11-25,1
20131112,WA,99.02,0.98,0.00,0.00,0.00,0.00,2013-11-12,2013-11-18,1
20131105,WA,99.02,0.98,0.00,0.00,0.00,0.00,2013-11-05,2013-11-11,1
20131029,WA,98.97,1.03,0.00,0.00,0.00,0.00,2013-10-29,2013-11-04,1
20131022,WA,98.97,1.03,0.00,0.00,0.00,0.00,2013-10-22,2013-10-28,1
20131015,WA,98.92,1.08,0.00,0.00,0.00,0.00,2013-10-15,2013-10-21,1
20131008,WA,99.00,1.00,0.00,0.00,0.00,0.00,2013-10-08,2013-10-14,1
20131001,WA,97.08,2.92,0.00,0.00,0.00,0.00,2013-10-01,2013-10-07,1
20130924,WA,88.78,11.22,3.14,0.00,0.00,0.00,2013-09-24,2013-09-30,1
20130917,WA,88.78,11.22,3.14,0.00,0.00,0.00,2013-09-17,2013-09-23,1
20130910,WA,88.78,11.22,3.14,0.00,0.00,0.00,2013-09-10,2013-09-16,1
20130903,WA,88.78,11.22,3.14,0.00,0.00,0.00,2013-09-03,2013-09-09,1
20130827,WA,80.34,19.66,3.14,0.00,0.00,0.00,2013-08-27,2013-09-02,1
20130820,WA,80.34,19.66,3.14,0.00,0.00,0.00,2013-08-20,2013-08-26,1
20130813,WA,80.32,19.68,3.14,0.00,0.00,0.00,2013-08-13,2013-08-19,1
20130806,WA,80.32,19.68,3.14,0.00,0.00,0.00,2013-08-06,2013-08-12,1
20130730,WA,80.26,19.74,3.14,0.00,0.00,0.00,2013-07-30,2013-08-05,1
20130723,WA,80.26,19.74,1.81,0.00,0.00,0.00,2013-07-23,2013-07-29,1
20130716,WA,80.47,19.53,1.81,0.00,0.00,0.00,2013-07-16,2013-07-22,1
20130709,WA,88.51,11.49,1.81,0.00,0.00,0.00,2013-07-09,2013-07-15,1
20130702,WA,88.41,11.59,1.81,0.00,0.00,0.00,2013-07-02,2013-07-08,1
20130625,WA,88.41,11.59,1.84,0.00,0.00,0.00,2013-06-25,2013-07-01,1
20130618,WA,82.09,17.91,3.21,0.00,0.00,0.00,2013-06-18,2013-06-24,1
20130611,WA,87.11,12.89,0.03,0.00,0.00,0.00,2013-06-11,2013-06-17,1
20130604,WA,87.53,12.47,0.03,0.00,0.00,0.00,2013-06-04,2013-06-10,1
20130528,WA,82.56,17.44,0.00,0.00,0.00,0.00,2013-05-28,2013-06-03,1
20130521,WA,82.63,17.37,0.00,0.00,0.00,0.00,2013-05-21,2013-05-27,1
20130514,WA,82.65,17.35,0.00,0.00,0.00,0.00,2013-05-14,2013-05-20,1
20130507,WA,82.65,17.35,0.00,0.00,0.00,0.00,2013-05-07,2013-05-13,1
20130430,WA,100.00,0.00,0.00,0.00,0.00,0.00,2013-04-30,2013-05-06,1
20130423,WA,100.00,0.00,0.00,0.00,0.00,0.00,2013-04-23,2013-04-29,1
20130416,WA,100.00,0.00,0.00,0.00,0.00,0.00,2013-04-16,2013-04-22,1
20130409,WA,100.00,0.00,0.00,0.00,0.00,0.00,2013-04-09,2013-04-15,1
20130402,WA,94.18,5.82,0.00,0.00,0.00,0.00,2013-04-02,2013-04-08,1
20130326,WA,100.00,0.00,0.00,0.00,0.00,0.00,2013-03-26,2013-04-01,1
20130319,WA,100.00,0.00,0.00,0.00,0.00,0.00,2013-03-19,2013-03-25,1
20130312,WA,100.00,0.00,0.00,0.00,0.00,0.00,2013-03-12,2013-03-18,1
20130305,WA,100.00,0.00,0.00,0.00,0.00,0.00,2013-03-05,2013-03-11,1
20130226,WA,100.00,0.00,0.00,0.00,0.00,0.00,2013-02-26,2013-03-04,1
20130219,WA,100.00,0.00,0.00,0.00,0.00,0.00,2013-02-19,2013-02-25,1
20130212,WA,100.00,0.00,0.00,0.00,0.00,0.00,2013-02-12,2013-02-18,1
20130205,WA,100.00,0.00,0.00,0.00,0.00,0.00,2013-02-05,2013-02-11,1
20130129,WA,100.00,0.00,0.00,0.00,0.00,0.00,2013-01-29,2013-02-04,1
20130122,WA,100.00,0.00,0.00,0.00,0.00,0.00,2013-01-22,2013-01-28,1
20130115,WA,100.00,0.00,0.00,0.00,0.00,0.00,2013-01-15,2013-01-21,1
20130108,WA,100.00,0.00,0.00,0.00,0.00,0.00,2013-01-08,2013-01-14,1
20130101,WA,100.00,0.00,0.00,0.00,0.00,0.00,2013-01-01,2013-01-07,1
20121225,WA,100.00,0.00,0.00,0.00,0.00,0.00,2012-12-25,2012-12-31,1
20121218,WA,100.00,0.00,0.00,0.00,0.00,0.00,2012-12-18,2012-12-24,1
20121211,WA,100.00,0.00,0.00,0.00,0.00,0.00,2012-12-11,2012-12-17,1
20121204,WA,100.00,0.00,0.00,0.00,0.00,0.00,2012-12-04,2012-12-10,1
20121127,WA,100.00,0.00,0.00,0.00,0.00,0.00,2012-11-27,2012-12-03,1
20121120,WA,100.00,0.00,0.00,0.00,0.00,0.00,2012-11-20,2012-11-26,1
20121113,WA,100.00,0.00,0.00,0.00,0.00,0.00,2012-11-13,2012-11-19,1
20121106,WA,100.00,0.00,0.00,0.00,0.00,0.00,2012-11-06,2012-11-12,1
20121030,WA,100.00,0.00,0.00,0.00,0.00,0.00,2012-10-30,2012-11-05,1
20121023,WA,100.00,0.00,0.00,0.00,0.00,0.00,2012-10-23,2012-10-29,1
20121016,WA,100.00,0.00,0.00,0.00,0.00,0.00,2012-10-16,2012-10-22,1
20121009,WA,84.27,15.73,0.00,0.00,0.00,0.00,2012-10-09,2012-10-15,1
20121002,WA,99.99,0.01,0.00,0.00,0.00,0.00,2012-10-02,2012-10-08,1
20120925,WA,100.00,0.00,0.00,0.00,0.00,0.00,2012-09-25,2012-10-01,1
20120918,WA,100.00,0.00,0.00,0.00,0.00,0.00,2012-09-18,2012-09-24,1
20120911,WA,95.83,4.17,0.00,0.00,0.00,0.00,2012-09-11,2012-09-17,1
20120904,WA,95.83,4.17,0.00,0.00,0.00,0.00,2012-09-04,2012-09-10,1
20120828,WA,95.83,4.17,0.00,0.00,0.00,0.00,2012-08-28,2012-09-03,1
20120821,WA,95.83,4.17,0.00,0.00,0.00,0.00,2012-08-21,2012-08-27,1
20120814,WA,95.83,4.17,0.00,0.00,0.00,0.00,2012-08-14,2012-08-20,1
20120807,WA,95.83,4.17,0.00,0.00,0.00,0.00,2012-08-07,2012-08-13,1
20120731,WA,95.83,4.17,0.00,0.00,0.00,0.00,2012-07-31,2012-08-06,1
20120724,WA,95.83,4.17,0.00,0.00,0.00,0.00,2012-07-24,2012-07-30,1
20120717,WA,95.83,4.17,0.00,0.00,0.00,0.00,2012-07-17,2012-07-23,1
20120710,WA,85.32,14.68,4.07,0.00,0.00,0.00,2012-07-10,2012-07-16,1
20120703,WA,85.32,14.68,4.07,0.00,0.00,0.00,2012-07-03,2012-07-09,1
20120626,WA,85.32,14.68,3.55,0.00,0.00,0.00,2012-06-26,2012-07-02,1
20120619,WA,85.32,14.68,3.55,0.00,0.00,0.00,2012-06-19,2012-06-25,1
20120612,WA,85.32,14.68,3.55,0.00,0.00,0.00,2012-06-12,2012-06-18,1
20120605,WA,79.15,20.85,3.55,0.00,0.00,0.00,2012-06-05,2012-06-11,1
20120529,WA,78.87,21.13,3.55,0.00,0.00,0.00,2012-05-29,2012-06-04,1
20120522,WA,78.87,21.13,3.55,0.00,0.00,0.00,2012-05-22,2012-05-28,1
20120515,WA,78.87,21.13,3.78,0.00,0.00,0.00,2012-05-15,2012-05-21,1
20120508,WA,78.87,21.13,3.78,0.00,0.00,0.00,2012-05-08,2012-05-14,1
20120501,WA,74.77,25.23,8.54,0.00,0.00,0.00,2012-05-01,2012-05-07,1
20120424,WA,74.77,25.23,8.54,0.00,0.00,0.00,2012-04-24,2012-04-30,1
20120417,WA,74.77,25.23,8.54,0.00,0.00,0.00,2012-04-17,2012-04-23,1
20120410,WA,74.77,25.23,8.54,0.00,0.00,0.00,2012-04-10,2012-04-16,1
20120403,WA,74.77,25.23,8.54,0.00,0.00,0.00,2012-04-03,2012-04-09,1
20120327,WA,74.77,25.23,8.54,0.00,0.00,0.00,2012-03-27,2012-04-02,1
20120320,WA,72.36,27.64,9.29,0.00,0.00,0.00,2012-03-20,2012-03-26,1
20120313,WA,55.45,44.55,18.32,0.00,0.00,0.00,2012-03-13,2012-03-19,1
20120306,WA,55.45,44.55,18.32,0.00,0.00,0.00,2012-03-06,2012-03-12,1
20120228,WA,55.45,44.55,18.32,0.00,0.00,0.00,2012-02-28,2012-03-05,1
20120221,WA,55.45,44.55,18.32,0.00,0.00,0.00,2012-02-21,2012-02-27,1
20120214,WA,55.45,44.55,18.32,0.00,0.00,0.00,2012-02-14,2012-02-20,1
20120207,WA,55.45,44.55,18.32,0.00,0.00,0.00,2012-02-07,2012-02-13,1
20120131,WA,53.50,46.50,20.48,0.00,0.00,0.00,2012-01-31,2012-02-06,1
20120124,WA,53.48,46.52,20.48,0.00,0.00,0.00,2012-01-24,2012-01-30,1
20120117,WA,53.17,46.83,20.89,0.00,0.00,0.00,2012-01-17,2012-01-23,1
20120110,WA,53.17,46.83,20.89,0.00,0.00,0.00,2012-01-10,2012-01-16,1
20120103,WA,53.17,46.83,0.00,0.00,0.00,0.00,2012-01-03,2012-01-09,1
20111227,WA,53.31,46.69,0.00,0.00,0.00,0.00,2011-12-27,2012-01-02,1
20111220,WA,79.79,20.21,0.00,0.00,0.00,0.00,2011-12-20,2011-12-26,1
20111213,WA,79.79,20.21,0.00,0.00,0.00,0.00,2011-12-13,2011-12-19,1
20111206,WA,79.79,20.21,0.00,0.00,0.00,0.00,2011-12-06,2011-12-12,1
20111129,WA,85.30,14.70,0.00,0.00,0.00,0.00,2011-11-29,2011-12-05,1
20111122,WA,85.24,14.76,0.00,0.00,0.00,0.00,2011-11-22,2011-11-28,1
20111115,WA,85.24,14.76,0.00,0.00,0.00,0.00,2011-11-15,2011-11-21,1
20111108,WA,89.19,10.81,0.00,0.00,0.00,0.00,2011-11-08,2011-11-14,1
20111101,WA,100.00,0.00,0.00,0.00,0.00,0.00,2011-11-01,2011-11-07,1
20111025,WA,100.00,0.00,0.00,0.00,0.00,0.00,2011-10-25,2011-10-31,1
20111018,WA,100.00,0.00,0.00,0.00,0.00,0.00,2011-10-18,2011-10-24,1
20111011,WA,100.00,0.00,0.00,0.00,0.00,0.00,2011-10-11,2011-10-17,1
20111004,WA,100.00,0.00,0.00,0.00,0.00,0.00,2011-10-04,2011-10-10,1
20110927,WA,100.00,0.00,0.00,0.00,0.00,0.00,2011-09-27,2011-10-03,1
20110920,WA,100.00,0.00,0.00,0.00,0.00,0.00,2011-09-20,2011-09-26,1
20110913,WA,100.00,0.00,0.00,0.00,0.00,0.00,2011-09-13,2011-09-19,1
20110906,WA,100.00,0.00,0.00,0.00,0.00,0.00,2011-09-06,2011-09-12,1
20110830,WA,100.00,0.00,0.00,0.00,0.00,0.00,2011-08-30,2011-09-05,1
20110823,WA,100.00,0.00,0.00,0.00,0.00,0.00,2011-08-23,2011-08-29,1
20110816,WA,100.00,0.00,0.00,0.00,0.00,0.00,2011-08-16,2011-08-22,1
20110809,WA,100.00,0.00,0.00,0.00,0.00,0.00,2011-08-09,2011-08-15,1
20110802,WA,100.00,0.00,0.00,0.00,0.00,0.00,2011-08-02,2011-08-08,1
20110726,WA,100.00,0.00,0.00,0.00,0.00,0.00,2011-07-26,2011-08-01,1
20110719,WA,100.00,0.00,0.00,0.00,0.00,0.00,2011-07-19,2011-07-25,1
20110712,WA,100.00,0.00,0.00,0.00,0.00,0.00,2011-07-12,2011-07-18,1
20110705,WA,100.00,0.00,0.00,0.00,0.00,0.00,2011-07-05,2011-07-11,1
20110628,WA,100.00,0.00,0.00,0.00,0.00,0.00,2011-06-28,2011-07-04,1
20110621,WA,100.00,0.00,0.00,0.00,0.00,0.00,2011-06-21,2011-06-27,1
20110614,WA,100.00,0.00,0.00,0.00,0.00,0.00,2011-06-14,2011-06-20,1
20110607,WA,100.00,0.00,0.00,0.00,0.00,0.00,2011-06-07,2011-06-13,1
20110531,WA,100.00,0.00,0.00,0.00,0.00,0.00,2011-05-31,2011-06-06,1
20110524,WA,100.00,0.00,0.00,0.00,0.00,0.00,2011-05-24,2011-05-30,1
20110517,WA,100.00,0.00,0.00,0.00,0.00,0.00,2011-05-17,2011-05-23,1
20110510,WA,100.00,0.00,0.00,0.00,0.00,0.00,2011-05-10,2011-05-16,1
20110503,WA,100.00,0.00,0.00,0.00,0.00,0.00,2011-05-03,2011-05-09,1
20110426,WA,100.00,0.00,0.00,0.00,0.00,0.00,2011-04-26,2011-05-02,1
20110419,WA,100.00,0.00,0.00,0.00,0.00,0.00,2011-04-19,2011-04-25,1
20110412,WA,100.00,0.00,0.00,0.00,0.00,0.00,2011-04-12,2011-04-18,1
20110405,WA,100.00,0.00,0.00,0.00,0.00,0.00,2011-04-05,2011-04-11,1
20110329,WA,100.00,0.00,0.00,0.00,0.00,0.00,2011-03-29,2011-04-04,1
20110322,WA,100.00,0.00,0.00,0.00,0.00,0.00,2011-03-22,2011-03-28,1
20110315,WA,87.75,12.25,0.00,0.00,0.00,0.00,2011-03-15,2011-03-21,1
20110308,WA,87.75,12.25,0.00,0.00,0.00,0.00,2011-03-08,2011-03-14,1
20110301,WA,87.75,12.25,0.00,0.00,0.00,0.00,2011-03-01,2011-03-07,1
20110222,WA,100.00,0.00,0.00,0.00,0.00,0.00,2011-02-22,2011-02-28,1
20110215,WA,100.00,0.00,0.00,0.00,0.00,0.00,2011-02-15,2011-02-21,1
20110208,WA,100.00,0.00,0.00,0.00,0.00,0.00,2011-02-08,2011-02-14,1
20110201,WA,100.00,0.00,0.00,0.00,0.00,0.00,2011-02-01,2011-02-07,1
20110125,WA,100.00,0.00,0.00,0.00,0.00,0.00,2011-01-25,2011-01-31,1
20110118,WA,100.00,0.00,0.00,0.00,0.00,0.00,2011-01-18,2011-01-24,1
20110111,WA,100.00,0.00,0.00,0.00,0.00,0.00,2011-01-11,2011-01-17,1
20110104,WA,100.00,0.00,0.00,0.00,0.00,0.00,2011-01-04,2011-01-10,1
20101228,WA,100.00,0.00,0.00,0.00,0.00,0.00,2010-12-28,2011-01-03,1
20101221,WA,100.00,0.00,0.00,0.00,0.00,0.00,2010-12-21,2010-12-27,1
20101214,WA,100.00,0.00,0.00,0.00,0.00,0.00,2010-12-14,2010-12-20,1
20101207,WA,100.00,0.00,0.00,0.00,0.00,0.00,2010-12-07,2010-12-13,1
20101130,WA,100.00,0.00,0.00,0.00,0.00,0.00,2010-11-30,2010-12-06,1
20101123,WA,100.00,0.00,0.00,0.00,0.00,0.00,2010-11-23,2010-11-29,1
20101116,WA,100.00,0.00,0.00,0.00,0.00,0.00,2010-11-16,2010-11-22,1
20101109,WA,100.00,0.00,0.00,0.00,0.00,0.00,2010-11-09,2010-11-15,1
20101102,WA,100.00,0.00,0.00,0.00,0.00,0.00,2010-11-02,2010-11-08,1
20101026,WA,100.00,0.00,0.00,0.00,0.00,0.00,2010-10-26,2010-11-01,1
20101019,WA,100.00,0.00,0.00,0.00,0.00,0.00,2010-10-19,2010-10-25,1
20101012,WA,100.00,0.00,0.00,0.00,0.00,0.00,2010-10-12,2010-10-18,1
20101005,WA,100.00,0.00,0.00,0.00,0.00,0.00,2010-10-05,2010-10-11,1
20100928,WA,100.00,0.00,0.00,0.00,0.00,0.00,2010-09-28,2010-10-04,1
20100921,WA,100.00,0.00,0.00,0.00,0.00,0.00,2010-09-21,2010-09-27,1
20100914,WA,100.00,0.00,0.00,0.00,0.00,0.00,2010-09-14,2010-09-20,1
20100907,WA,100.00,0.00,0.00,0.00,0.00,0.00,2010-09-07,2010-09-13,1
20100831,WA,100.00,0.00,0.00,0.00,0.00,0.00,2010-08-31,2010-09-06,1
20100824,WA,100.00,0.00,0.00,0.00,0.00,0.00,2010-08-24,2010-08-30,1
20100817,WA,100.00,0.00,0.00,0.00,0.00,0.00,2010-08-17,2010-08-23,1
20100810,WA,100.00,0.00,0.00,0.00,0.00,0.00,2010-08-10,2010-08-16,1
20100803,WA,100.00,0.00,0.00,0.00,0.00,0.00,2010-08-03,2010-08-09,1
20100727,WA,100.00,0.00,0.00,0.00,0.00,0.00,2010-07-27,2010-08-02,1
20100720,WA,100.00,0.00,0.00,0.00,0.00,0.00,2010-07-20,2010-07-26,1
20100713,WA,100.00,0.00,0.00,0.00,0.00,0.00,2010-07-13,2010-07-19,1
20100706,WA,100.00,0.00,0.00,0.00,0.00,0.00,2010-07-06,2010-07-12,1
20100629,WA,100.00,0.00,0.00,0.00,0.00,0.00,2010-06-29,2010-07-05,1
20100622,WA,100.00,0.00,0.00,0.00,0.00,0.00,2010-06-22,2010-06-28,1
20100615,WA,97.58,2.42,0.00,0.00,0.00,0.00,2010-06-15,2010-06-21,1
20100608,WA,97.58,2.42,0.00,0.00,0.00,0.00,2010-06-08,2010-06-14,1
20100601,WA,51.35,48.65,2.33,0.00,0.00,0.00,2010-06-01,2010-06-07,1
20100525,WA,51.35,48.65,4.65,0.00,0.00,0.00,2010-05-25,2010-05-31,1
20100518,WA,51.35,48.65,6.21,0.00,0.00,0.00,2010-05-18,2010-05-24,1
20100511,WA,51.20,48.80,6.21,0.00,0.00,0.00,2010-05-11,2010-05-17,1
20100504,WA,43.47,56.53,6.21,0.00,0.00,0.00,2010-05-04,2010-05-10,1
20100427,WA,43.47,56.53,6.21,0.00,0.00,0.00,2010-04-27,2010-05-03,1
20100420,WA,41.99,58.01,6.21,0.00,0.00,0.00,2010-04-20,2010-04-26,1
20100413,WA,42.68,57.32,6.08,0.00,0.00,0.00,2010-04-13,2010-04-19,1
20100406,WA,41.41,58.59,6.08,0.00,0.00,0.00,2010-04-06,2010-04-12,1
20100330,WA,41.41,58.59,6.08,0.00,0.00,0.00,2010-03-30,2010-04-05,1
20100323,WA,16.82,83.18,6.08,0.00,0.00,0.00,2010-03-23,2010-03-29,1
20100316,WA,16.82,83.18,7.47,0.00,0.00,0.00,2010-03-16,2010-03-22,1
20100309,WA,13.54,86.46,7.47,0.00,0.00,0.00,2010-03-09,2010-03-15,1
20100302,WA,23.38,76.62,16.43,3.95,0.00,0.00,2010-03-02,2010-03-08,1
20100223,WA,23.38,76.62,17.02,5.47,0.00,0.00,2010-02-23,2010-03-01,1
20100216,WA,23.38,76.62,16.00,5.47,0.00,0.00,2010-02-16,2010-02-22,1
20100209,WA,45.95,54.05,16.00,5.47,0.00,0.00,2010-02-09,2010-02-15,1
20100202,WA,47.91,52.09,16.00,5.47,0.00,0.00,2010-02-02,2010-02-08,1
20100126,WA,48.01,51.99,16.00,6.42,0.00,0.00,2010-01-26,2010-02-01,1
20100119,WA,48.01,51.99,16.00,6.42,0.00,0.00,2010-01-19,2010-01-25,1
20100112,WA,43.49,56.51,17.55,7.82,0.00,0.00,2010-01-12,2010-01-18,1
20100105,WA,43.49,56.51,17.55,7.82,0.00,0.00,2010-01-05,2010-01-11,1
20091229,WA,43.49,56.51,17.55,7.82,0.00,0.00,2009-12-29,2010-01-04,1
20091222,WA,43.49,56.51,17.55,7.82,0.00,0.00,2009-12-22,2009-12-28,1
20091215,WA,43.49,56.51,17.55,7.82,0.00,0.00,2009-12-15,2009-12-21,1
20091208,WA,43.49,56.51,17.55,7.82,0.00,0.00,2009-12-08,2009-12-14,1
20091201,WA,43.66,56.34,17.55,7.82,0.00,0.00,2009-12-01,2009-12-07,1
20091124,WA,43.66,56.34,17.55,7.82,0.00,0.00,2009-11-24,2009-11-30,1
20091117,WA,40.30,59.70,17.99,7.82,0.00,0.00,2009-11-17,2009-11-23,1
20091110,WA,38.41,61.59,17.99,7.82,0.00,0.00,2009-11-10,2009-11-16,1
20091103,WA,31.25,68.75,17.99,7.82,0.00,0.00,2009-11-03,2009-11-09,1
20091027,WA,14.32,85.68,17.99,7.82,0.00,0.00,2009-10-27,2009-11-02,1
20091020,WA,2.27,97.73,17.99,7.82,0.00,0.00,2009-10-20,2009-10-26,1
20091013,WA,0.00,100.00,30.54,9.68,0.00,0.00,2009-10-13,2009-10-19,1
20091006,WA,0.00,100.00,30.54,9.68,0.00,0.00,2009-10-06,2009-10-12,1
20090929,WA,0.00,100.00,30.54,9.68,0.00,0.00,2009-09-29,2009-10-05,1
20090922,WA,13.80,86.20,30.54,9.68,0.00,0.00,2009-09-22,2009-09-28,1
20090915,WA,13.80,86.20,30.54,9.68,0.00,0.00,2009-09-15,2009-09-21,1
20090908,WA,13.80,86.20,30.54,9.68,0.00,0.00,2009-09-08,2009-09-14,1
20090901,WA,13.80,86.20,33.37,15.51,0.00,0.00,2009-09-01,2009-09-07,1
20090825,WA,25.14,74.86,33.09,15.51,0.00,0.00,2009-08-25,2009-08-31,1
20090818,WA,28.73,71.27,28.53,9.68,0.00,0.00,2009-08-18,2009-08-24,1
20090811,WA,26.90,73.10,28.53,6.61,0.00,0.00,2009-08-11,2009-08-17,1
20090804,WA,27.20,72.80,28.53,6.61,0.00,0.00,2009-08-04,2009-08-10,1
20090728,WA,30.22,69.78,16.33,0.00,0.00,0.00,2009-07-28,2009-08-03,1
20090721,WA,32.08,67.92,16.33,0.00,0.00,0.00,2009-07-21,2009-07-27,1
20090714,WA,32.19,67.81,16.33,0.00,0.00,0.00,2009-07-14,2009-07-20,1
20090707,WA,32.19,67.81,16.33,0.00,0.00,0.00,2009-07-07,2009-07-13,1
20090630,WA,50.20,49.80,12.05,0.00,0.00,0.00,2009-06-30,2009-07-06,1
20090623,WA,50.20,49.80,12.05,0.00,0.00,0.00,2009-06-23,2009-06-29,1
20090616,WA,50.20,49.80,12.05,0.00,0.00,0.00,2009-06-16,2009-06-22,1
20090609,WA,50.20,49.80,10.92,0.00,0.00,0.00,2009-06-09,2009-06-15,1
20090602,WA,50.20,49.80,10.92,0.00,0.00,0.00,2009-06-02,2009-06-08,1
20090526,WA,50.08,49.92,10.92,0.00,0.00,0.00,2009-05-26,2009-06-01,1
20090519,WA,50.08,49.92,10.92,0.00,0.00,0.00,2009-05-19,2009-05-25,1
20090512,WA,50.06,49.94,10.92,0.00,0.00,0.00,2009-05-12,2009-05-18,1
20090505,WA,49.37,50.63,10.92,0.00,0.00,0.00,2009-05-05,2009-05-11,1
20090428,WA,49.37,50.63,10.92,0.00,0.00,0.00,2009-04-28,2009-05-04,1
20090421,WA,49.37,50.63,10.92,0.00,0.00,0.00,2009-04-21,2009-04-27,1
20090414,WA,49.37,50.63,10.92,0.00,0.00,0.00,2009-04-14,2009-04-20,1
20090407,WA,49.37,50.63,10.92,0.00,0.00,0.00,2009-04-07,2009-04-13,1
20090331,WA,44.36,55.64,11.90,0.00,0.00,0.00,2009-03-31,2009-04-06,1
20090324,WA,44.36,55.64,11.90,0.00,0.00,0.00,2009-03-24,2009-03-30,1
20090317,WA,44.36,55.64,11.90,0.00,0.00,0.00,2009-03-17,2009-03-23,1
20090310,WA,44.36,55.64,11.90,0.00,0.00,0.00,2009-03-10,2009-03-16,1
20090303,WA,50.92,49.08,0.00,0.00,0.00,0.00,2009-03-03,2009-03-09,1
20090224,WA,56.33,43.67,0.00,0.00,0.00,0.00,2009-02-24,2009-03-02,1
20090217,WA,59.85,40.15,0.00,0.00,0.00,0.00,2009-02-17,2009-02-23,1
20090210,WA,69.52,30.48,0.00,0.00,0.00,0.00,2009-02-10,2009-02-16,1
20090203,WA,69.52,30.48,0.00,0.00,0.00,0.00,2009-02-03,2009-02-09,1
20090127,WA,69.81,30.19,0.00,0.00,0.00,0.00,2009-01-27,2009-02-02,1
20090120,WA,69.72,30.28,0.00,0.00,0.00,0.00,2009-01-20,2009-01-26,1
20090113,WA,55.01,44.99,0.00,0.00,0.00,0.00,2009-01-13,2009-01-19,1
20090106,WA,55.01,44.99,0.00,0.00,0.00,0.00,2009-01-06,2009-01-12,1
20081230,WA,57.14,42.86,0.00,0.00,0.00,0.00,2008-12-30,2009-01-05,1
20081223,WA,57.14,42.86,0.00,0.00,0.00,0.00,2008-12-23,2008-12-29,1
20081216,WA,51.69,48.31,0.00,0.00,0.00,0.00,2008-12-16,2008-12-22,1
20081209,WA,60.05,39.95,0.00,0.00,0.00,0.00,2008-12-09,2008-12-15,1
20081202,WA,60.05,39.95,0.00,0.00,0.00,0.00,2008-12-02,2008-12-08,1
20081125,WA,63.68,36.32,0.00,0.00,0.00,0.00,2008-11-25,2008-12-01,1
20081118,WA,63.68,36.32,0.00,0.00,0.00,0.00,2008-11-18,2008-11-24,1
20081111,WA,61.49,38.51,0.00,0.00,0.00,0.00,2008-11-11,2008-11-17,1
20081104,WA,49.19,50.81,8.46,0.00,0.00,0.00,2008-11-04,2008-11-10,1
20081028,WA,49.19,50.81,8.46,0.00,0.00,0.00,2008-10-28,2008-11-03,1
20081021,WA,57.57,42.43,8.59,0.00,0.00,0.00,2008-10-21,2008-10-27,1
20081014,WA,66.48,33.52,5.07,0.00,0.00,0.00,2008-10-14,2008-10-20,1
20081007,WA,66.41,33.59,5.07,0.00,0.00,0.00,2008-10-07,2008-10-13,1
20080930,WA,66.41,33.59,5.07,0.00,0.00,0.00,2008-09-30,2008-10-06,1
20080923,WA,66.41,33.59,5.07,0.00,0.00,0.00,2008-09-23,2008-09-29,1
20080916,WA,66.41,33.59,5.07,0.00,0.00,0.00,2008-09-16,2008-09-22,1
20080909,WA,66.55,33.45,5.07,0.00,0.00,0.00,2008-09-09,2008-09-15,1
20080902,WA,66.55,33.45,5.07,0.00,0.00,0.00,2008-09-02,2008-09-08,1
20080826,WA,66.66,33.34,5.08,0.00,0.00,0.00,2008-08-26,2008-09-01,1
20080819,WA,66.66,33.34,5.08,0.00,0.00,0.00,2008-08-19,2008-08-25,1
20080812,WA,66.93,33.07,5.08,0.00,0.00,0.00,2008-08-12,2008-08-18,1
20080805,WA,66.60,33.40,5.08,0.00,0.00,0.00,2008-08-05,2008-08-11,1
20080729,WA,71.48,28.52,5.08,0.00,0.00,0.00,2008-07-29,2008-08-04,1
20080722,WA,71.48,28.52,5.08,0.00,0.00,0.00,2008-07-22,2008-07-28,1
20080715,WA,71.48,28.52,5.08,0.00,0.00,0.00,2008-07-15,2008-07-21,1
20080708,WA,73.46,26.54,0.00,0.00,0.00,0.00,2008-07-08,2008-07-14,1
20080701,WA,73.46,26.54,0.00,0.00,0.00,0.00,2008-07-01,2008-07-07,1
20080624,WA,73.46,26.54,0.00,0.00,0.00,0.00,2008-06-24,2008-06-30,1
20080617,WA,73.46,26.54,0.00,0.00,0.00,0.00,2008-06-17,2008-06-23,1
20080610,WA,73.48,26.52,0.00,0.00,0.00,0.00,2008-06-10,2008-06-16,1
20080603,WA,73.61,26.39,0.00,0.00,0.00,0.00,2008-06-03,2008-06-09,1
20080527,WA,99.38,0.62,0.00,0.00,0.00,0.00,2008-05-27,2008-06-02,1
20080520,WA,95.30,4.70,0.00,0.00,0.00,0.00,2008-05-20,2008-05-26,1
20080513,WA,100.00,0.00,0.00,0.00,0.00,0.00,2008-05-13,2008-05-19,1
20080506,WA,100.00,0.00,0.00,0.00,0.00,0.00,2008-05-06,2008-05-12,1
20080429,WA,100.00,0.00,0.00,0.00,0.00,0.00,2008-04-29,2008-05-05,1
20080422,WA,100.00,0.00,0.00,0.00,0.00,0.00,2008-04-22,2008-04-28,1
20080415,WA,100.00,0.00,0.00,0.00,0.00,0.00,2008-04-15,2008-04-21,1
20080408,WA,100.00,0.00,0.00,0.00,0.00,0.00,2008-04-08,2008-04-14,1
20080401,WA,100.00,0.00,0.00,0.00,0.00,0.00,2008-04-01,2008-04-07,1
20080325,WA,100.00,0.00,0.00,0.00,0.00,0.00,2008-03-25,2008-03-31,1
20080318,WA,100.00,0.00,0.00,0.00,0.00,0.00,2008-03-18,2008-03-24,1
20080311,WA,100.00,0.00,0.00,0.00,0.00,0.00,2008-03-11,2008-03-17,1
20080304,WA,100.00,0.00,0.00,0.00,0.00,0.00,2008-03-04,2008-03-10,1
20080226,WA,100.00,0.00,0.00,0.00,0.00,0.00,2008-02-26,2008-03-03,1
20080219,WA,100.00,0.00,0.00,0.00,0.00,0.00,2008-02-19,2008-02-25,1
20080212,WA,100.00,0.00,0.00,0.00,0.00,0.00,2008-02-12,2008-02-18,1
20080205,WA,100.00,0.00,0.00,0.00,0.00,0.00,2008-02-05,2008-02-11,1
20080129,WA,100.00,0.00,0.00,0.00,0.00,0.00,2008-01-29,2008-02-04,1
20080122,WA,100.00,0.00,0.00,0.00,0.00,0.00,2008-01-22,2008-01-28,1
20080115,WA,98.60,1.40,0.00,0.00,0.00,0.00,2008-01-15,2008-01-21,1
20080108,WA,95.33,4.67,0.55,0.00,0.00,0.00,2008-01-08,2008-01-14,1
20080101,WA,95.42,4.58,0.51,0.00,0.00,0.00,2008-01-01,2008-01-07,1
20071225,WA,95.42,4.58,0.51,0.00,0.00,0.00,2007-12-25,2007-12-31,1
20071218,WA,95.42,4.58,0.51,0.00,0.00,0.00,2007-12-18,2007-12-24,1
20071211,WA,95.42,4.58,0.53,0.00,0.00,0.00,2007-12-11,2007-12-17,1
20071204,WA,95.42,4.58,0.53,0.00,0.00,0.00,2007-12-04,2007-12-10,1
20071127,WA,59.24,40.76,2.78,0.78,0.00,0.00,2007-11-27,2007-12-03,1
20071120,WA,59.24,40.76,2.78,0.78,0.00,0.00,2007-11-20,2007-11-26,1
20071113,WA,59.24,40.76,7.04,1.97,0.00,0.00,2007-11-13,2007-11-19,1
20071106,WA,59.24,40.76,7.04,2.23,0.00,0.00,2007-11-06,2007-11-12,1
20071030,WA,59.24,40.76,7.04,2.23,0.00,0.00,2007-10-30,2007-11-05,1
20071023,WA,59.24,40.76,7.04,2.23,0.00,0.00,2007-10-23,2007-10-29,1
20071016,WA,36.23,63.77,7.33,2.23,0.35,0.00,2007-10-16,2007-10-22,1
20071009,WA,36.23,63.77,7.33,2.23,0.35,0.00,2007-10-09,2007-10-15,1
20071002,WA,28.22,71.78,11.19,4.76,0.35,0.00,2007-10-02,2007-10-08,1
20070925,WA,28.22,71.78,11.19,4.76,0.35,0.00,2007-09-25,2007-10-01,1
20070918,WA,34.90,65.10,11.19,4.76,0.35,0.00,2007-09-18,2007-09-24,1
20070911,WA,48.53,51.47,10.83,4.55,0.13,0.00,2007-09-11,2007-09-17,1
20070904,WA,48.53,51.47,10.83,4.55,0.13,0.00,2007-09-04,2007-09-10,1
20070828,WA,48.53,51.47,10.83,4.55,0.13,0.00,2007-08-28,2007-09-03,1
20070821,WA,49.81,50.19,10.88,4.55,0.13,0.00,2007-08-21,2007-08-27,1
20070814,WA,51.29,48.71,9.17,3.92,0.00,0.00,2007-08-14,2007-08-20,1
20070807,WA,51.29,48.71,9.17,3.92,0.00,0.00,2007-08-07,2007-08-13,1
20070731,WA,51.29,48.71,9.17,0.32,0.00,0.00,2007-07-31,2007-08-06,1
20070724,WA,51.29,48.71,1.35,0.00,0.00,0.00,2007-07-24,2007-07-30,1
20070717,WA,44.98,55.02,1.35,0.00,0.00,0.00,2007-07-17,2007-07-23,1
20070710,WA,47.50,52.50,1.35,0.00,0.00,0.00,2007-07-10,2007-07-16,1
20070703,WA,92.70,7.30,0.00,0.00,0.00,0.00,2007-07-03,2007-07-09,1
20070626,WA,97.00,3.00,0.00,0.00,0.00,0.00,2007-06-26,2007-07-02,1
20070619,WA,97.00,3.00,0.00,0.00,0.00,0.00,2007-06-19,2007-06-25,1
20070612,WA,97.00,3.00,0.00,0.00,0.00,0.00,2007-06-12,2007-06-18,1
20070605,WA,97.70,2.30,0.00,0.00,0.00,0.00,2007-06-05,2007-06-11,1
20070529,WA,97.70,2.30,0.00,0.00,0.00,0.00,2007-05-29,2007-06-04,1
20070522,WA,97.70,2.30,0.00,0.00,0.00,0.00,2007-05-22,2007-05-28,1
20070515,WA,97.70,2.30,0.00,0.00,0.00,0.00,2007-05-15,2007-05-21,1
20070508,WA,97.70,2.30,0.00,0.00,0.00,0.00,2007-05-08,2007-05-14,1
20070501,WA,97.70,2.30,0.00,0.00,0.00,0.00,2007-05-01,2007-05-07,1
20070424,WA,97.70,2.30,0.00,0.00,0.00,0.00,2007-04-24,2007-04-30,1
20070417,WA,97.70,2.30,0.00,0.00,0.00,0.00,2007-04-17,2007-04-23,1
20070410,WA,100.00,0.00,0.00,0.00,0.00,0.00,2007-04-10,2007-04-16,1
20070403,WA,100.00,0.00,0.00,0.00,0.00,0.00,2007-04-03,2007-04-09,1
20070327,WA,99.99,0.01,0.00,0.00,0.00,0.00,2007-03-27,2007-04-02,1
20070320,WA,100.00,0.00,0.00,0.00,0.00,0.00,2007-03-20,2007-03-26,1
20070313,WA,100.00,0.00,0.00,0.00,0.00,0.00,2007-03-13,2007-03-19,1
20070306,WA,100.00,0.00,0.00,0.00,0.00,0.00,2007-03-06,2007-03-12,1
20070227,WA,100.00,0.00,0.00,0.00,0.00,0.00,2007-02-27,2007-03-05,1
20070220,WA,100.00,0.00,0.00,0.00,0.00,0.00,2007-02-20,2007-02-26,1
20070213,WA,100.00,0.00,0.00,0.00,0.00,0.00,2007-02-13,2007-02-19,1
20070206,WA,100.00,0.00,0.00,0.00,0.00,0.00,2007-02-06,2007-02-12,1
20070130,WA,100.00,0.00,0.00,0.00,0.00,0.00,2007-01-30,2007-02-05,1
20070123,WA,100.00,0.00,0.00,0.00,0.00,0.00,2007-01-23,2007-01-29,1
20070116,WA,100.00,0.00,0.00,0.00,0.00,0.00,2007-01-16,2007-01-22,1
20070109,WA,100.00,0.00,0.00,0.00,0.00,0.00,2007-01-09,2007-01-15,1
20070102,WA,100.00,0.00,0.00,0.00,0.00,0.00,2007-01-02,2007-01-08,1
20061226,WA,100.00,0.00,0.00,0.00,0.00,0.00,2006-12-26,2007-01-01,1
20061219,WA,100.00,0.00,0.00,0.00,0.00,0.00,2006-12-19,2006-12-25,1
20061212,WA,100.00,0.00,0.00,0.00,0.00,0.00,2006-12-12,2006-12-18,1
20061205,WA,100.00,0.00,0.00,0.00,0.00,0.00,2006-12-05,2006-12-11,1
20061128,WA,100.00,0.00,0.00,0.00,0.00,0.00,2006-11-28,2006-12-04,1
20061121,WA,100.00,0.00,0.00,0.00,0.00,0.00,2006-11-21,2006-11-27,1
20061114,WA,100.00,0.00,0.00,0.00,0.00,0.00,2006-11-14,2006-11-20,1
20061107,WA,100.00,0.00,0.00,0.00,0.00,0.00,2006-11-07,2006-11-13,1
20061031,WA,16.69,83.31,0.00,0.00,0.00,0.00,2006-10-31,2006-11-06,1
20061024,WA,16.69,83.31,0.00,0.00,0.00,0.00,2006-10-24,2006-10-30,1
20061017,WA,16.69,83.31,24.43,0.00,0.00,0.00,2006-10-17,2006-10-23,1
20061010,WA,16.69,83.31,24.43,0.00,0.00,0.00,2006-10-10,2006-10-16,1
20061003,WA,16.77,83.23,24.43,0.00,0.00,0.00,2006-10-03,2006-10-09,1
20060926,WA,16.85,83.15,24.43,0.00,0.00,0.00,2006-09-26,2006-10-02,1
20060919,WA,16.61,83.39,24.43,0.00,0.00,0.00,2006-09-19,2006-09-25,1
20060912,WA,32.44,67.56,24.43,0.00,0.00,0.00,2006-09-12,2006-09-18,1
20060905,WA,32.44,67.56,0.00,0.00,0.00,0.00,2006-09-05,2006-09-11,1
20060829,WA,46.94,53.06,0.00,0.00,0.00,0.00,2006-08-29,2006-09-04,1
20060822,WA,100.00,0.00,0.00,0.00,0.00,0.00,2006-08-22,2006-08-28,1
20060815,WA,100.00,0.00,0.00,0.00,0.00,0.00,2006-08-15,2006-08-21,1
20060808,WA,100.00,0.00,0.00,0.00,0.00,0.00,2006-08-08,2006-08-14,1
20060801,WA,100.00,0.00,0.00,0.00,0.00,0.00,2006-08-01,2006-08-07,1
20060725,WA,100.00,0.00,0.00,0.00,0.00,0.00,2006-07-25,2006-07-31,1
20060718,WA,100.00,0.00,0.00,0.00,0.00,0.00,2006-07-18,2006-07-24,1
20060711,WA,100.00,0.00,0.00,0.00,0.00,0.00,2006-07-11,2006-07-17,1
20060704,WA,100.00,0.00,0.00,0.00,0.00,0.00,2006-07-04,2006-07-10,1
20060627,WA,100.00,0.00,0.00,0.00,0.00,0.00,2006-06-27,2006-07-03,1
20060620,WA,100.00,0.00,0.00,0.00,0.00,0.00,2006-06-20,2006-06-26,1
20060613,WA,100.00,0.00,0.00,0.00,0.00,0.00,2006-06-13,2006-06-19,1
20060606,WA,100.00,0.00,0.00,0.00,0.00,0.00,2006-06-06,2006-06-12,1
20060530,WA,100.00,0.00,0.00,0.00,0.00,0.00,2006-05-30,2006-06-05,1
20060523,WA,100.00,0.00,0.00,0.00,0.00,0.00,2006-05-23,2006-05-29,1
20060516,WA,100.00,0.00,0.00,0.00,0.00,0.00,2006-05-16,2006-05-22,1
20060509,WA,100.00,0.00,0.00,0.00,0.00,0.00,2006-05-09,2006-05-15,1
20060502,WA,100.00,0.00,0.00,0.00,0.00,0.00,2006-05-02,2006-05-08,1
20060425,WA,100.00,0.00,0.00,0.00,0.00,0.00,2006-04-25,2006-05-01,1
20060418,WA,100.00,0.00,0.00,0.00,0.00,0.00,2006-04-18,2006-04-24,1
20060411,WA,100.00,0.00,0.00,0.00,0.00,0.00,2006-04-11,2006-04-17,1
20060404,WA,100.00,0.00,0.00,0.00,0.00,0.00,2006-04-04,2006-04-10,1
20060328,WA,100.00,0.00,0.00,0.00,0.00,0.00,2006-03-28,2006-04-03,1
20060321,WA,100.00,0.00,0.00,0.00,0.00,0.00,2006-03-21,2006-03-27,1
20060314,WA,100.00,0.00,0.00,0.00,0.00,0.00,2006-03-14,2006-03-20,1
20060307,WA,100.00,0.00,0.00,0.00,0.00,0.00,2006-03-07,2006-03-13,1
20060228,WA,100.00,0.00,0.00,0.00,0.00,0.00,2006-02-28,2006-03-06,1
20060221,WA,100.00,0.00,0.00,0.00,0.00,0.00,2006-02-21,2006-02-27,1
20060214,WA,100.00,0.00,0.00,0.00,0.00,0.00,2006-02-14,2006-02-20,1
20060207,WA,100.00,0.00,0.00,0.00,0.00,0.00,2006-02-07,2006-02-13,1
20060131,WA,100.00,0.00,0.00,0.00,0.00,0.00,2006-01-31,2006-02-06,1
20060124,WA,100.00,0.00,0.00,0.00,0.00,0.00,2006-01-24,2006-01-30,1
20060117,WA,98.20,1.80,0.00,0.00,0.00,0.00,2006-01-17,2006-01-23,1
20060110,WA,50.84,49.16,0.00,0.00,0.00,0.00,2006-01-10,2006-01-16,1
20060103,WA,46.20,53.80,21.74,0.00,0.00,0.00,2006-01-03,2006-01-09,1
20051227,WA,42.77,57.23,53.44,14.98,0.00,0.00,2005-12-27,2006-01-02,1
20051220,WA,37.95,62.05,57.26,17.14,0.00,0.00,2005-12-20,2005-12-26,1
20051213,WA,37.95,62.05,51.53,17.14,0.00,0.00,2005-12-13,2005-12-19,1
20051206,WA,37.95,62.05,51.53,17.14,0.00,0.00,2005-12-06,2005-12-12,1
20051129,WA,33.43,66.57,54.30,37.92,0.00,0.00,2005-11-29,2005-12-05,1
20051122,WA,30.59,69.41,58.02,40.15,0.00,0.00,2005-11-22,2005-11-28,1
20051115,WA,30.59,69.41,58.02,40.15,0.00,0.00,2005-11-15,2005-11-21,1
20051108,WA,27.22,72.78,59.69,44.25,0.00,0.00,2005-11-08,2005-11-14,1
20051101,WA,23.57,76.43,65.19,48.64,6.90,0.00,2005-11-01,2005-11-07,1
20051025,WA,23.57,76.43,65.19,48.64,6.90,0.00,2005-10-25,2005-10-31,1
20051018,WA,23.57,76.43,65.19,48.64,6.90,0.00,2005-10-18,2005-10-24,1
20051011,WA,13.33,86.67,65.19,49.49,10.99,0.00,2005-10-11,2005-10-17,1
20051004,WA,13.33,86.67,65.19,49.49,10.99,0.00,2005-10-04,2005-10-10,1
20050927,WA,2.65,97.35,71.59,52.24,14.29,0.00,2005-09-27,2005-10-03,1
20050920,WA,5.51,94.49,69.14,52.24,14.29,0.00,2005-09-20,2005-09-26,1
20050913,WA,15.26,84.74,66.17,48.74,0.00,0.00,2005-09-13,2005-09-19,1
20050906,WA,15.26,84.74,66.17,48.74,0.00,0.00,2005-09-06,2005-09-12,1
20050830,WA,15.52,84.48,66.17,48.74,0.00,0.00,2005-08-30,2005-09-05,1
20050823,WA,15.63,84.37,66.17,48.74,0.00,0.00,2005-08-23,2005-08-29,1
20050816,WA,15.05,84.95,66.17,48.74,0.00,0.00,2005-08-16,2005-08-22,1
20050809,WA,14.89,85.11,66.17,46.86,0.00,0.00,2005-08-09,2005-08-15,1
20050802,WA,14.44,85.56,66.17,46.86,0.00,0.00,2005-08-02,2005-08-08,1
20050726,WA,15.06,84.94,66.17,46.86,0.00,0.00,2005-07-26,2005-08-01,1
20050719,WA,15.06,84.94,66.17,46.86,0.00,0.00,2005-07-19,2005-07-25,1
20050712,WA,15.06,84.94,66.17,46.86,0.00,0.00,2005-07-12,2005-07-18,1
20050705,WA,14.13,85.87,69.53,47.22,0.00,0.00,2005-07-05,2005-07-11,1
20050628,WA,14.13,85.87,69.53,47.22,0.00,0.00,2005-06-28,2005-07-04,1
20050621,WA,13.16,86.84,69.53,47.22,0.00,0.00,2005-06-21,2005-06-27,1
20050614,WA,12.49,87.51,67.56,40.47,0.00,0.00,2005-06-14,2005-06-20,1
20050607,WA,23.75,76.25,67.56,40.47,0.00,0.00,2005-06-07,2005-06-13,1
20050531,WA,23.75,76.25,67.56,39.60,0.00,0.00,2005-05-31,2005-06-06,1
20050524,WA,23.75,76.25,67.56,39.60,0.00,0.00,2005-05-24,2005-05-30,1
20050517,WA,23.75,76.25,67.56,39.60,0.00,0.00,2005-05-17,2005-05-23,1
20050510,WA,19.58,80.42,70.47,47.61,13.66,0.00,2005-05-10,2005-05-16,1
20050503,WA,19.32,80.68,70.47,47.17,13.66,0.00,2005-05-03,2005-05-09,1
20050426,WA,19.73,80.27,70.47,47.17,13.66,0.00,2005-04-26,2005-05-02,1
20050419,WA,19.73,80.27,70.92,47.30,13.66,0.00,2005-04-19,2005-04-25,1
20050412,WA,13.35,86.65,79.20,53.34,0.00,0.00,2005-04-12,2005-04-18,1
20050405,WA,13.26,86.74,79.20,53.29,0.00,0.00,2005-04-05,2005-04-11,1
20050329,WA,6.24,93.76,80.81,45.77,0.00,0.00,2005-03-29,2005-04-04,1
20050322,WA,2.26,97.74,83.88,53.74,0.00,0.00,2005-03-22,2005-03-28,1
20050315,WA,2.26,97.74,83.88,53.74,0.00,0.00,2005-03-15,2005-03-21,1
20050308,WA,2.26,97.74,83.88,53.74,0.00,0.00,2005-03-08,2005-03-14,1
20050301,WA,2.26,97.74,83.88,38.84,0.00,0.00,2005-03-01,2005-03-07,1
20050222,WA,4.30,95.70,69.78,33.85,0.00,0.00,2005-02-22,2005-02-28,1
20050215,WA,13.91,86.09,65.50,4.80,0.00,0.00,2005-02-15,2005-02-21,1
20050208,WA,29.03,70.97,60.93,0.00,0.00,0.00,2005-02-08,2005-02-14,1
20050201,WA,32.08,67.92,57.71,0.00,0.00,0.00,2005-02-01,2005-02-07,1
20050125,WA,32.08,67.92,0.00,0.00,0.00,0.00,2005-01-25,2005-01-31,1
20050118,WA,19.69,80.31,0.00,0.00,0.00,0.00,2005-01-18,2005-01-24,1
20050111,WA,7.57,92.43,0.00,0.00,0.00,0.00,2005-01-11,2005-01-17,1
20050104,WA,62.09,37.91,0.00,0.00,0.00,0.00,2005-01-04,2005-01-10,1
20041228,WA,62.09,37.91,0.00,0.00,0.00,0.00,2004-12-28,2005-01-03,1
20041221,WA,71.68,28.32,0.00,0.00,0.00,0.00,2004-12-21,2004-12-27,1
20041214,WA,89.73,10.27,0.00,0.00,0.00,0.00,2004-12-14,2004-12-20,1
20041207,WA,64.70,35.30,0.00,0.00,0.00,0.00,2004-12-07,2004-12-13,1
20041130,WA,69.36,30.64,0.00,0.00,0.00,0.00,2004-11-30,2004-12-06,1
20041123,WA,66.84,33.16,0.00,0.00,0.00,0.00,2004-11-23,2004-11-29,1
20041116,WA,85.76,14.24,0.00,0.00,0.00,0.00,2004-11-16,2004-11-22,1
20041109,WA,85.76,14.24,0.00,0.00,0.00,0.00,2004-11-09,2004-11-15,1
20041102,WA,85.76,14.24,0.00,0.00,0.00,0.00,2004-11-02,2004-11-08,1
20041026,WA,86.09,13.91,0.00,0.00,0.00,0.00,2004-10-26,2004-11-01,1
20041019,WA,86.09,13.91,0.00,0.00,0.00,0.00,2004-10-19,2004-10-25,1
20041012,WA,86.09,13.91,0.00,0.00,0.00,0.00,2004-10-12,2004-10-18,1
20041005,WA,86.09,13.91,0.00,0.00,0.00,0.00,2004-10-05,2004-10-11,1
20040928,WA,86.09,13.91,0.00,0.00,0.00,0.00,2004-09-28,2004-10-04,1
20040921,WA,86.07,13.93,0.00,0.00,0.00,0.00,2004-09-21,2004-09-27,1
20040914,WA,86.07,13.93,0.00,0.00,0.00,0.00,2004-09-14,2004-09-20,1
20040907,WA,82.89,17.11,0.00,0.00,0.00,0.00,2004-09-07,2004-09-13,1
20040831,WA,82.43,17.57,0.00,0.00,0.00,0.00,2004-08-31,2004-09-06,1
20040824,WA,39.43,60.57,17.01,0.00,0.00,0.00,2004-08-24,2004-08-30,1
20040817,WA,10.41,89.59,22.40,0.00,0.00,0.00,2004-08-17,2004-08-23,1
20040810,WA,10.41,89.59,22.40,0.00,0.00,0.00,2004-08-10,2004-08-16,1
20040803,WA,10.54,89.46,29.17,0.00,0.00,0.00,2004-08-03,2004-08-09,1
20040727,WA,11.44,88.56,29.17,0.00,0.00,0.00,2004-07-27,2004-08-02,1
20040720,WA,11.44,88.56,19.70,0.00,0.00,0.00,2004-07-20,2004-07-26,1
20040713,WA,32.10,67.90,19.20,0.00,0.00,0.00,2004-07-13,2004-07-19,1
20040706,WA,32.10,67.90,19.20,0.00,0.00,0.00,2004-07-06,2004-07-12,1
20040629,WA,32.20,67.80,9.48,0.00,0.00,0.00,2004-06-29,2004-07-05,1
20040622,WA,62.89,37.11,5.32,0.00,0.00,0.00,2004-06-22,2004-06-28,1
20040615,WA,63.44,36.56,5.57,0.00,0.00,0.00,2004-06-15,2004-06-21,1
20040608,WA,46.40,53.60,5.52,0.00,0.00,0.00,2004-06-08,2004-06-14,1
20040601,WA,38.19,61.81,5.80,0.00,0.00,0.00,2004-06-01,2004-06-07,1
20040525,WA,30.64,69.36,28.22,0.00,0.00,0.00,2004-05-25,2004-05-31,1
20040518,WA,22.40,77.60,6.02,0.00,0.00,0.00,2004-05-18,2004-05-24,1
20040511,WA,26.55,73.45,6.02,0.00,0.00,0.00,2004-05-11,2004-05-17,1
20040504,WA,56.42,43.58,6.02,0.00,0.00,0.00,2004-05-04,2004-05-10,1
20040427,WA,56.42,43.58,6.02,0.00,0.00,0.00,2004-04-27,2004-05-03,1
20040420,WA,56.42,43.58,6.02,0.00,0.00,0.00,2004-04-20,2004-04-26,1
20040413,WA,56.42,43.58,6.02,0.00,0.00,0.00,2004-04-13,2004-04-19,1
20040406,WA,56.42,43.58,6.05,0.00,0.00,0.00,2004-04-06,2004-04-12,1
20040330,WA,56.08,43.92,5.95,0.00,0.00,0.00,2004-03-30,2004-04-05,1
20040323,WA,56.08,43.92,5.95,0.00,0.00,0.00,2004-03-23,2004-03-29,1
20040316,WA,56.08,43.92,5.95,0.00,0.00,0.00,2004-03-16,2004-03-22,1
20040309,WA,56.08,43.92,5.95,0.00,0.00,0.00,2004-03-09,2004-03-15,1
20040302,WA,56.08,43.92,5.95,0.00,0.00,0.00,2004-03-02,2004-03-08,1
20040224,WA,55.90,44.10,5.95,0.00,0.00,0.00,2004-02-24,2004-03-01,1
20040217,WA,55.90,44.10,5.95,0.00,0.00,0.00,2004-02-17,2004-02-23,1
20040210,WA,55.90,44.10,5.95,0.00,0.00,0.00,2004-02-10,2004-02-16,1
20040203,WA,52.11,47.89,5.95,0.00,0.00,0.00,2004-02-03,2004-02-09,1
20040127,WA,52.11,47.89,5.95,0.00,0.00,0.00,2004-01-27,2004-02-02,1
20040120,WA,51.08,48.92,6.40,0.00,0.00,0.00,2004-01-20,2004-01-26,1
20040113,WA,48.92,51.08,7.91,0.00,0.00,0.00,2004-01-13,2004-01-19,1
20040106,WA,52.18,47.82,38.07,0.00,0.00,0.00,2004-01-06,2004-01-12,1
20031230,WA,51.66,48.34,38.36,0.00,0.00,0.00,2003-12-30,2004-01-05,1
20031223,WA,56.02,43.98,36.93,2.79,0.00,0.00,2003-12-23,2003-12-29,1
20031216,WA,54.86,45.14,39.31,5.31,0.00,0.00,2003-12-16,2003-12-22,1
20031209,WA,51.17,48.83,37.75,9.32,0.00,0.00,2003-12-09,2003-12-15,1
20031202,WA,47.37,52.63,41.97,10.16,0.00,0.00,2003-12-02,2003-12-08,1
20031125,WA,48.35,51.65,42.94,9.12,0.00,0.00,2003-11-25,2003-12-01,1
20031118,WA,39.83,60.17,48.42,9.13,0.00,0.00,2003-11-18,2003-11-24,1
20031111,WA,41.13,58.87,47.25,8.92,0.00,0.00,2003-11-11,2003-11-17,1
20031104,WA,40.25,59.75,47.51,9.65,0.00,0.00,2003-11-04,2003-11-10,1
20031028,WA,40.51,59.49,47.33,9.18,0.00,0.00,2003-10-28,2003-11-03,1
20031021,WA,39.62,60.38,47.12,9.01,0.00,0.00,2003-10-21,2003-10-27,1
20031014,WA,40.91,59.09,50.99,10.86,0.00,0.00,2003-10-14,2003-10-20,1
20031007,WA,0.00,100.00,75.07,17.58,0.00,0.00,2003-10-07,2003-10-13,1
20030930,WA,0.00,100.00,57.13,14.19,0.00,0.00,2003-09-30,2003-10-06,1
20030923,WA,0.00,100.00,57.49,14.35,0.00,0.00,2003-09-23,2003-09-29,1
20030916,WA,0.00,100.00,58.19,14.56,0.00,0.00,2003-09-16,2003-09-22,1
20030909,WA,0.00,100.00,95.32,16.16,0.00,0.00,2003-09-09,2003-09-15,1
20030902,WA,0.00,100.00,94.80,0.34,0.00,0.00,2003-09-02,2003-09-08,1
20030826,WA,0.00,100.00,93.16,0.57,0.00,0.00,2003-08-26,2003-09-01,1
20030819,WA,0.00,100.00,93.00,0.19,0.00,0.00,2003-08-19,2003-08-25,1
20030812,WA,0.00,100.00,93.45,0.00,0.00,0.00,2003-08-12,2003-08-18,1
20030805,WA,0.00,100.00,100.00,0.00,0.00,0.00,2003-08-05,2003-08-11,1
20030729,WA,0.00,100.00,100.00,0.00,0.00,0.00,2003-07-29,2003-08-04,1
20030722,WA,0.00,100.00,0.00,0.00,0.00,0.00,2003-07-22,2003-07-28,1
20030715,WA,0.00,100.00,0.00,0.00,0.00,0.00,2003-07-15,2003-07-21,1
20030708,WA,0.00,100.00,0.00,0.00,0.00,0.00,2003-07-08,2003-07-14,1
20030701,WA,0.35,99.65,0.00,0.00,0.00,0.00,2003-07-01,2003-07-07,1
20030624,WA,71.85,28.15,0.00,0.00,0.00,0.00,2003-06-24,2003-06-30,1
20030617,WA,71.55,28.45,0.00,0.00,0.00,0.00,2003-06-17,2003-06-23,1
20030610,WA,72.58,27.42,0.00,0.00,0.00,0.00,2003-06-10,2003-06-16,1
20030603,WA,71.84,28.16,0.00,0.00,0.00,0.00,2003-06-03,2003-06-09,1
20030527,WA,100.00,0.00,0.00,0.00,0.00,0.00,2003-05-27,2003-06-02,1
20030520,WA,100.00,0.00,0.00,0.00,0.00,0.00,2003-05-20,2003-05-26,1
20030513,WA,100.00,0.00,0.00,0.00,0.00,0.00,2003-05-13,2003-05-19,1
20030506,WA,100.00,0.00,0.00,0.00,0.00,0.00,2003-05-06,2003-05-12,1
20030429,WA,100.00,0.00,0.00,0.00,0.00,0.00,2003-04-29,2003-05-05,1
20030422,WA,97.28,2.72,0.00,0.00,0.00,0.00,2003-04-22,2003-04-28,1
20030415,WA,97.15,2.85,0.00,0.00,0.00,0.00,2003-04-15,2003-04-21,1
20030408,WA,97.19,2.81,0.00,0.00,0.00,0.00,2003-04-08,2003-04-14,1
20030401,WA,97.32,2.68,0.00,0.00,0.00,0.00,2003-04-01,2003-04-07,1
20030325,WA,97.09,2.91,0.00,0.00,0.00,0.00,2003-03-25,2003-03-31,1
20030318,WA,96.58,3.42,0.00,0.00,0.00,0.00,2003-03-18,2003-03-24,1
20030311,WA,7.70,92.30,0.00,0.00,0.00,0.00,2003-03-11,2003-03-17,1
20030304,WA,0.00,100.00,0.00,0.00,0.00,0.00,2003-03-04,2003-03-10,1
20030225,WA,0.05,99.95,0.00,0.00,0.00,0.00,2003-02-25,2003-03-03,1
20030218,WA,0.00,100.00,0.36,0.00,0.00,0.00,2003-02-18,2003-02-24,1
20030211,WA,0.00,100.00,0.48,0.00,0.00,0.00,2003-02-11,2003-02-17,1
20030204,WA,33.37,66.63,0.56,0.00,0.00,0.00,2003-02-04,2003-02-10,1
20030128,WA,32.74,67.26,7.50,1.22,0.00,0.00,2003-01-28,2003-02-03,1
20030121,WA,34.59,65.41,9.39,1.64,0.00,0.00,2003-01-21,2003-01-27,1
20030114,WA,36.48,63.52,9.04,2.15,0.00,0.00,2003-01-14,2003-01-20,1
20030107,WA,29.24,70.76,6.79,0.09,0.00,0.00,2003-01-07,2003-01-13,1
20021231,WA,14.26,85.74,6.07,0.03,0.00,0.00,2002-12-31,2003-01-06,1
20021224,WA,11.72,88.28,29.13,0.12,0.00,0.00,2002-12-24,2002-12-30,1
20021217,WA,13.25,86.75,28.32,0.23,0.00,0.00,2002-12-17,2002-12-23,1
20021210,WA,0.00,100.00,27.76,0.00,0.00,0.00,2002-12-10,2002-12-16,1
20021203,WA,0.00,100.00,28.49,0.04,0.00,0.00,2002-12-03,2002-12-09,1
20021126,WA,0.00,100.00,29.59,0.07,0.00,0.00,2002-11-26,2002-12-02,1
20021119,WA,0.00,100.00,29.09,0.06,0.00,0.00,2002-11-19,2002-11-25,1
20021112,WA,0.00,100.00,27.85,0.08,0.00,0.00,2002-11-12,2002-11-18,1
20021105,WA,0.00,100.00,40.24,0.01,0.00,0.00,2002-11-05,2002-11-11,1
20021029,WA,26.04,73.96,0.00,0.00,0.00,0.00,2002-10-29,2002-11-04,1
20021022,WA,26.11,73.89,0.00,0.00,0.00,0.00,2002-10-22,2002-10-28,1
20021015,WA,37.70,62.30,0.00,0.00,0.00,0.00,2002-10-15,2002-10-21,1
20021008,WA,36.08,63.92,0.00,0.00,0.00,0.00,2002-10-08,2002-10-14,1
20021001,WA,40.96,59.04,0.00,0.00,0.00,0.00,2002-10-01,2002-10-07,1
20020924,WA,47.67,52.33,0.00,0.00,0.00,0.00,2002-09-24,2002-09-30,1
20020917,WA,47.51,52.49,0.00,0.00,0.00,0.00,2002-09-17,2002-09-23,1
20020910,WA,62.72,37.28,0.00,0.00,0.00,0.00,2002-09-10,2002-09-16,1
20020903,WA,69.45,30.55,0.00,0.00,0.00,0.00,2002-09-03,2002-09-09,1
20020827,WA,68.69,31.31,0.00,0.00,0.00,0.00,2002-08-27,2002-09-02,1
20020820,WA,68.38,31.62,0.00,0.00,0.00,0.00,2002-08-20,2002-08-26,1
20020813,WA,64.87,35.13,0.00,0.00,0.00,0.00,2002-08-13,2002-08-19,1
20020806,WA,84.23,15.77,0.00,0.00,0.00,0.00,2002-08-06,2002-08-12,1
20020730,WA,81.83,18.17,0.49,0.00,0.00,0.00,2002-07-30,2002-08-05,1
20020723,WA,81.61,18.39,0.40,0.00,0.00,0.00,2002-07-23,2002-07-29,1
20020716,WA,82.53,17.47,0.22,0.00,0.00,0.00,2002-07-16,2002-07-22,1
20020709,WA,96.74,3.26,0.20,0.00,0.00,0.00,2002-07-09,2002-07-15,1
20020702,WA,97.01,2.99,0.00,0.00,0.00,0.00,2002-07-02,2002-07-08,1
20020625,WA,97.16,2.84,0.38,0.00,0.00,0.00,2002-06-25,2002-07-01,1
20020618,WA,97.76,2.24,0.25,0.00,0.00,0.00,2002-06-18,2002-06-24,1
20020611,WA,97.67,2.33,0.44,0.00,0.00,0.00,2002-06-11,2002-06-17,1
20020604,WA,97.66,2.34,0.42,0.00,0.00,0.00,2002-06-04,2002-06-10,1
20020528,WA,97.85,2.15,0.81,0.00,0.00,0.00,2002-05-28,2002-06-03,1
20020521,WA,98.01,1.99,0.23,0.00,0.00,0.00,2002-05-21,2002-05-27,1
20020514,WA,98.54,1.46,0.09,0.00,0.00,0.00,2002-05-14,2002-05-20,1
20020507,WA,98.08,1.92,0.31,0.00,0.00,0.00,2002-05-07,2002-05-13,1
20020430,WA,97.26,2.74,0.34,0.00,0.00,0.00,2002-04-30,2002-05-06,1
20020423,WA,95.55,4.45,0.00,0.00,0.00,0.00,2002-04-23,2002-04-29,1
20020416,WA,95.95,4.05,0.00,0.00,0.00,0.00,2002-04-16,2002-04-22,1
20020409,WA,94.93,5.07,0.00,0.00,0.00,0.00,2002-04-09,2002-04-15,1
20020402,WA,94.80,5.20,0.00,0.00,0.00,0.00,2002-04-02,2002-04-08,1
20020326,WA,94.44,5.56,0.00,0.00,0.00,0.00,2002-03-26,2002-04-01,1
20020319,WA,95.49,4.51,0.00,0.00,0.00,0.00,2002-03-19,2002-03-25,1
20020312,WA,100.00,0.00,0.00,0.00,0.00,0.00,2002-03-12,2002-03-18,1
20020305,WA,98.82,1.18,0.00,0.00,0.00,0.00,2002-03-05,2002-03-11,1
20020226,WA,99.02,0.98,0.00,0.00,0.00,0.00,2002-02-26,2002-03-04,1
20020219,WA,98.80,1.20,0.00,0.00,0.00,0.00,2002-02-19,2002-02-25,1
20020212,WA,98.76,1.24,0.00,0.00,0.00,0.00,2002-02-12,2002-02-18,1
20020205,WA,65.22,34.78,3.26,0.00,0.00,0.00,2002-02-05,2002-02-11,1
20020129,WA,63.69,36.31,3.52,0.00,0.00,0.00,2002-01-29,2002-02-04,1
20020122,WA,47.32,52.68,6.90,0.78,0.00,0.00,2002-01-22,2002-01-28,1
20020115,WA,47.14,52.86,7.45,0.64,0.00,0.00,2002-01-15,2002-01-21,1
20020108,WA,44.93,55.07,18.51,2.39,0.00,0.00,2002-01-08,2002-01-14,1
20020101,WA,22.17,77.83,66.87,43.49,1.49,0.00,2002-01-01,2002-01-07,1
20011225,WA,23.02,76.98,66.15,46.69,0.90,0.00,2001-12-25,2001-12-31,1
20011218,WA,22.98,77.02,63.81,46.73,0.90,0.00,2001-12-18,2001-12-24,1
20011211,WA,18.61,81.39,63.81,46.73,0.90,0.00,2001-12-11,2001-12-17,1
20011204,WA,18.09,81.91,65.88,46.70,1.06,0.00,2001-12-04,2001-12-10,1
20011127,WA,0.00,100.00,81.95,66.87,5.81,0.00,2001-11-27,2001-12-03,1
20011120,WA,0.00,100.00,85.77,67.87,5.81,0.00,2001-11-20,2001-11-26,1
20011113,WA,0.00,100.00,90.97,68.03,5.81,0.00,2001-11-13,2001-11-19,1
20011106,WA,0.00,100.00,90.97,68.03,5.81,0.00,2001-11-06,2001-11-12,1
20011030,WA,0.00,100.00,90.97,68.03,5.81,0.00,2001-10-30,2001-11-05,1
20011023,WA,0.00,100.00,90.97,68.03,5.81,0.00,2001-10-23,2001-10-29,1
20011016,WA,0.00,100.00,90.97,68.03,5.81,0.00,2001-10-16,2001-10-22,1
20011009,WA,0.00,100.00,100.00,68.03,5.81,0.00,2001-10-09,2001-10-15,1
20011002,WA,0.00,100.00,100.00,68.03,5.81,0.00,2001-10-02,2001-10-08,1
20010925,WA,0.00,100.00,100.00,68.03,5.81,0.00,2001-09-25,2001-10-01,1
20010918,WA,0.00,100.00,100.00,68.03,5.81,0.00,2001-09-18,2001-09-24,1
20010911,WA,0.00,100.00,100.00,68.03,5.81,0.00,2001-09-11,2001-09-17,1
20010904,WA,0.00,100.00,100.00,60.32,4.36,0.00,2001-09-04,2001-09-10,1
20010828,WA,0.00,100.00,100.00,60.32,0.00,0.00,2001-08-28,2001-09-03,1
20010821,WA,0.00,100.00,100.00,61.40,0.00,0.00,2001-08-21,2001-08-27,1
20010814,WA,0.00,100.00,100.00,61.40,0.00,0.00,2001-08-14,2001-08-20,1
20010807,WA,0.00,100.00,100.00,62.09,0.00,0.00,2001-08-07,2001-08-13,1
20010731,WA,0.00,100.00,100.00,62.09,0.00,0.00,2001-07-31,2001-08-06,1
20010724,WA,0.00,100.00,100.00,62.09,0.00,0.00,2001-07-24,2001-07-30,1
20010717,WA,0.00,100.00,100.00,74.22,0.00,0.00,2001-07-17,2001-07-23,1
20010710,WA,0.00,100.00,100.00,74.22,0.00,0.00,2001-07-10,2001-07-16,1
20010703,WA,0.00,100.00,100.00,74.22,0.00,0.00,2001-07-03,2001-07-09,1
20010626,WA,0.00,100.00,100.00,62.53,0.00,0.00,2001-06-26,2001-07-02,1
20010619,WA,0.00,100.00,100.00,62.53,0.00,0.00,2001-06-19,2001-06-25,1
20010612,WA,0.00,100.00,100.00,54.71,0.00,0.00,2001-06-12,2001-06-18,1
20010605,WA,0.00,100.00,97.29,54.71,0.00,0.00,2001-06-05,2001-06-11,1
20010529,WA,0.00,100.00,100.00,56.30,0.00,0.00,2001-05-29,2001-06-04,1
20010522,WA,0.00,100.00,100.00,56.30,0.00,0.00,2001-05-22,2001-05-28,1
20010515,WA,0.00,100.00,100.00,56.30,0.00,0.00,2001-05-15,2001-05-21,1
20010508,WA,0.00,100.00,100.00,46.37,0.00,0.00,2001-05-08,2001-05-14,1
20010501,WA,0.00,100.00,100.00,46.37,0.00,0.00,2001-05-01,2001-05-07,1
20010424,WA,0.00,100.00,100.00,46.37,0.00,0.00,2001-04-24,2001-04-30,1
20010417,WA,0.00,100.00,100.00,46.37,0.00,0.00,2001-04-17,2001-04-23,1
20010410,WA,0.00,100.00,100.00,46.37,0.00,0.00,2001-04-10,2001-04-16,1
20010403,WA,0.00,100.00,100.00,46.37,0.00,0.00,2001-04-03,2001-04-09,1
20010327,WA,0.00,100.00,100.00,45.10,0.00,0.00,2001-03-27,2001-04-02,1
20010320,WA,0.00,100.00,100.00,45.10,0.00,0.00,2001-03-20,2001-03-26,1
20010313,WA,0.00,100.00,100.00,45.10,0.00,0.00,2001-03-13,2001-03-19,1
20010306,WA,0.00,100.00,100.00,5.44,0.00,0.00,2001-03-06,2001-03-12,1
20010227,WA,0.00,100.00,100.00,0.00,0.00,0.00,2001-02-27,2001-03-05,1
20010220,WA,0.00,100.00,99.98,0.00,0.00,0.00,2001-02-20,2001-02-26,1
20010213,WA,0.00,100.00,99.93,0.00,0.00,0.00,2001-02-13,2001-02-19,1
20010206,WA,0.02,99.98,5.30,0.00,0.00,0.00,2001-02-06,2001-02-12,1
20010130,WA,0.02,99.98,5.30,0.00,0.00,0.00,2001-01-30,2001-02-05,1
20010123,WA,0.10,99.90,0.00,0.00,0.00,0.00,2001-01-23,2001-01-29,1
20010116,WA,87.83,12.17,0.00,0.00,0.00,0.00,2001-01-16,2001-01-22,1
20010109,WA,87.83,12.17,0.00,0.00,0.00,0.00,2001-01-09,2001-01-15,1
20010102,WA,100.00,0.00,0.00,0.00,0.00,0.00,2001-01-02,2001-01-08,1
20001226,WA,100.00,0.00,0.00,0.00,0.00,0.00,2000-12-26,2001-01-01,1
20001219,WA,100.00,0.00,0.00,0.00,0.00,0.00,2000-12-19,2000-12-25,1
20001212,WA,100.00,0.00,0.00,0.00,0.00,0.00,2000-12-12,2000-12-18,1
20001205,WA,100.00,0.00,0.00,0.00,0.00,0.00,2000-12-05,2000-12-11,1
20001128,WA,100.00,0.00,0.00,0.00,0.00,0.00,2000-11-28,2000-12-04,1
20001121,WA,100.00,0.00,0.00,0.00,0.00,0.00,2000-11-21,2000-11-27,1
20001114,WA,100.00,0.00,0.00,0.00,0.00,0.00,2000-11-14,2000-11-20,1
20001107,WA,100.00,0.00,0.00,0.00,0.00,0.00,2000-11-07,2000-11-13,1
20001031,WA,100.00,0.00,0.00,0.00,0.00,0.00,2000-10-31,2000-11-06,1
20001024,WA,100.00,0.00,0.00,0.00,0.00,0.00,2000-10-24,2000-10-30,1
20001017,WA,100.00,0.00,0.00,0.00,0.00,0.00,2000-10-17,2000-10-23,1
20001010,WA,100.00,0.00,0.00,0.00,0.00,0.00,2000-10-10,2000-10-16,1
20001003,WA,100.00,0.00,0.00,0.00,0.00,0.00,2000-10-03,2000-10-09,1
20000926,WA,100.00,0.00,0.00,0.00,0.00,0.00,2000-09-26,2000-10-02,1
20000919,WA,100.00,0.00,0.00,0.00,0.00,0.00,2000-09-19,2000-09-25,1
20000912,WA,100.00,0.00,0.00,0.00,0.00,0.00,2000-09-12,2000-09-18,1
20000905,WA,84.63,15.37,0.00,0.00,0.00,0.00,2000-09-05,2000-09-11,1
20000829,WA,79.68,20.32,0.00,0.00,0.00,0.00,2000-08-29,2000-09-04,1
20000822,WA,89.56,10.44,0.00,0.00,0.00,0.00,2000-08-22,2000-08-28,1
20000815,WA,89.56,10.44,0.00,0.00,0.00,0.00,2000-08-15,2000-08-21,1
20000808,WA,89.56,10.44,0.00,0.00,0.00,0.00,2000-08-08,2000-08-14,1
20000801,WA,100.00,0.00,0.00,0.00,0.00,0.00,2000-08-01,2000-08-07,1
20000725,WA,99.93,0.07,0.00,0.00,0.00,0.00,2000-07-25,2000-07-31,1
20000718,WA,99.93,0.07,0.00,0.00,0.00,0.00,2000-07-18,2000-07-24,1
20000711,WA,100.00,0.00,0.00,0.00,0.00,0.00,2000-07-11,2000-07-17,1
20000704,WA,100.00,0.00,0.00,0.00,0.00,0.00,2000-07-04,2000-07-10,1
20000627,WA,100.00,0.00,0.00,0.00,0.00,0.00,2000-06-27,2000-07-03,1
20000620,WA,100.00,0.00,0.00,0.00,0.00,0.00,2000-06-20,2000-06-26,1
20000613,WA,100.00,0.00,0.00,0.00,0.00,0.00,2000-06-13,2000-06-19,1
20000606,WA,100.00,0.00,0.00,0.00,0.00,0.00,2000-06-06,2000-06-12,1
20000530,WA,100.00,0.00,0.00,0.00,0.00,0.00,2000-05-30,2000-06-05,1
20000523,WA,100.00,0.00,0.00,0.00,0.00,0.00,2000-05-23,2000-05-29,1
20000516,WA,100.00,0.00,0.00,0.00,0.00,0.00,2000-05-16,2000-05-22,1
20000509,WA,100.00,0.00,0.00,0.00,0.00,0.00,2000-05-09,2000-05-15,1
20000502,WA,100.00,0.00,0.00,0.00,0.00,0.00,2000-05-02,2000-05-08,1
20000425,WA,100.00,0.00,0.00,0.00,0.00,0.00,2000-04-25,2000-05-01,1
20000418,WA,100.00,0.00,0.00,0.00,0.00,0.00,2000-04-18,2000-04-24,1
20000411,WA,100.00,0.00,0.00,0.00,0.00,0.00,2000-04-11,2000-04-17,1
20000404,WA,100.00,0.00,0.00,0.00,0.00,0.00,2000-04-04,2000-04-10,1
20000328,WA,100.00,0.00,0.00,0.00,0.00,0.00,2000-03-28,2000-04-03,1
20000321,WA,100.00,0.00,0.00,0.00,0.00,0.00,2000-03-21,2000-03-27,1
20000314,WA,100.00,0.00,0.00,0.00,0.00,0.00,2000-03-14,2000-03-20,1
20000307,WA,100.00,0.00,0.00,0.00,0.00,0.00,2000-03-07,2000-03-13,1
20000229,WA,100.00,0.00,0.00,0.00,0.00,0.00,2000-02-29,2000-03-06,1
20000222,WA,100.00,0.00,0.00,0.00,0.00,0.00,2000-02-22,2000-02-28,1
20000215,WA,100.00,0.00,0.00,0.00,0.00,0.00,2000-02-15,2000-02-21,1
20000208,WA,100.00,0.00,0.00,0.00,0.00,0.00,2000-02-08,2000-02-14,1
20000201,WA,100.00,0.00,0.00,0.00,0.00,0.00,2000-02-01,2000-02-07,1
20000125,WA,100.00,0.00,0.00,0.00,0.00,0.00,2000-01-25,2000-01-31,1
20000118,WA,100.00,0.00,0.00,0.00,0.00,0.00,2000-01-18,2000-01-24,1
20000111,WA,100.00,0.00,0.00,0.00,0.00,0.00,2000-01-11,2000-01-17,1
20000104,WA,100.00,0.00,0.00,0.00,0.00,0.00,2000-01-04,2000-01-10,1
